date,symbol,ret_pct,exit_px,window_dolvol_30m,last_bar_dolvol,window_shares,pct_vol_10k,pct_vol_25k,pct_vol_50k,pct_vol_100k,pct_vol_250k
2021-04-23,OCGN,-14.4,9.6871,230645162.0,4346135.0,23549176.0,0.0,0.01,0.02,0.04,0.11
2021-04-30,BTX,1.48,964.2254,149979355.0,4542439.0,151277.0,0.01,0.02,0.03,0.07,0.17
2021-05-04,BLRX,-14.67,201.0162,18520268.0,1551933.0,89210.0,0.05,0.13,0.27,0.54,1.35
2021-05-06,LEDS,23.15,10.0498,81591158.0,1528470.0,7920588.0,0.01,0.03,0.06,0.12,0.31
2021-05-06,LEDS,-10.4,10.0498,81591158.0,1528470.0,7920588.0,0.01,0.03,0.06,0.12,0.31
2021-05-14,IHT,-11.69,6.6533,12246464.0,206921.0,1751003.0,0.08,0.2,0.41,0.82,2.04
2021-06-07,HOOK,-29.58,127.1813,6285512.0,0.0,41168.0,0.16,0.4,0.8,1.59,3.98
2021-07-08,LMFA,29.43,32.8576,9636846.0,241130.0,288723.0,0.1,0.26,0.52,1.04,2.59
2021-07-08,COHN,3.64,27.0821,12313502.0,283397.0,444212.0,0.08,0.2,0.41,0.81,2.03
2021-07-08,MITQ,9.08,21.7454,6410056.0,115968.0,286339.0,0.16,0.39,0.78,1.56,3.9
2021-07-08,MITQ,20.21,21.7454,6410056.0,115968.0,286339.0,0.16,0.39,0.78,1.56,3.9
2021-07-09,MTSL,19.53,9.0573,7682514.0,481024.0,887176.0,0.13,0.33,0.65,1.3,3.25
2021-07-12,MDIA,209.34,15.576,213721262.0,10427657.0,15114469.0,0.0,0.01,0.02,0.05,0.12
2021-07-20,NURO,135.03,83.7102,114901588.0,3077784.0,1444759.0,0.01,0.02,0.04,0.09,0.22
2021-07-20,NURO,95.34,83.7102,114901588.0,3077784.0,1444759.0,0.01,0.02,0.04,0.09,0.22
2021-07-22,IPA,47.28,13.4264,58340835.0,9106089.0,4798925.0,0.02,0.04,0.09,0.17,0.43
2021-07-26,PRFX,-14.08,4009.95,301415.0,38435.0,75.0,3.32,8.29,16.59,33.18,82.94
2021-08-10,SCPE,21.2,14.4214,1914976.0,25206.0,131634.0,0.52,1.31,2.61,5.22,13.05
2021-08-12,FRLN,2.13,58.3538,2631808.0,140419.0,43738.0,0.38,0.95,1.9,3.8,9.5
2021-08-13,SESN,-64.91,41.895,67132025.0,0.0,2018282.0,0.01,0.04,0.07,0.15,0.37
2021-08-13,GRNVU,2.99,18.1645,3642.0,0.0,200.0,274.57,686.44,1372.87,2745.74,6864.36
2021-08-17,VRPX,77.07,3678.2563,149572360.0,4903347.0,41280.0,0.01,0.02,0.03,0.07,0.17
2021-08-26,TSRI,-2.2,10.0349,21485.0,0.0,2090.0,46.54,116.36,232.72,465.44,1163.6
2021-08-27,SPRT,-25.96,30.2542,275310010.0,8904727.0,8433285.0,0.0,0.01,0.02,0.04,0.09
2021-09-07,NMTC,-11.65,31.5404,979419.0,23189.0,31370.0,1.02,2.55,5.11,10.21,25.53
2021-09-07,NMTC,-16.37,31.5404,979419.0,23189.0,31370.0,1.02,2.55,5.11,10.21,25.53
2021-09-13,TMC,25.38,12.349,10037027.0,383636.0,800258.0,0.1,0.25,0.5,1.0,2.49
2021-09-15,INDP,-25.83,303.0405,45530226.0,1268889.0,146473.0,0.02,0.05,0.11,0.22,0.55
2021-09-23,RHE,13.69,10.2144,7530875.0,143778.0,745047.0,0.13,0.33,0.66,1.33,3.32
2021-09-29,CEI,-11.02,169.0713,289519154.0,3956093.0,1759121.0,0.0,0.01,0.02,0.03,0.09
2021-10-26,BIMI,203.11,103.74,65402948.0,1198135.0,618293.0,0.02,0.04,0.08,0.15,0.38
2021-10-29,BTBT,-4.9,9.7955,2694309.0,30347.0,273883.0,0.37,0.93,1.86,3.71,9.28
2021-11-18,LGVN,58.21,71.8699,112323967.0,2321956.0,1433366.0,0.01,0.02,0.04,0.09,0.22
2021-11-24,LGVN,59.84,417.6533,264121684.0,8908495.0,679335.0,0.0,0.01,0.02,0.04,0.09
2021-12-06,IMPP,102.94,95.7555,70933.0,0.0,790.0,14.1,35.24,70.49,140.98,352.45
2021-12-13,SEAC,103.56,32.1195,28824487.0,2683036.0,1049490.0,0.03,0.09,0.17,0.35,0.87
2021-12-21,ALLR,-40.69,8797950.0,106711.0,3457.0,0.0,9.37,23.43,46.86,93.71,234.28
2021-12-21,ISPC,27.59,282.093,86483437.0,1639630.0,291878.0,0.01,0.03,0.06,0.12,0.29
2021-12-22,ENSC,64.89,18673.2,37476004.0,422328.0,1864.0,0.03,0.07,0.13,0.27,0.67
2021-12-22,ENSC,68.12,18673.2,37476004.0,422328.0,1864.0,0.03,0.07,0.13,0.27,0.67
2021-12-22,ENSC,61.01,18673.2,37476004.0,422328.0,1864.0,0.03,0.07,0.13,0.27,0.67
2022-04-12,LIXT,-54.19,19.152,5283476.0,61204.0,279272.0,0.19,0.47,0.95,1.89,4.73
2022-04-21,SWVL,-18.18,154.1836,20467443.0,200006.0,116721.0,0.05,0.12,0.24,0.49,1.22
2022-04-27,OST,46.65,8069.0019,7922078.0,100265.0,1048.0,0.13,0.32,0.63,1.26,3.16
2022-04-27,OST,53.0,8069.0019,7922078.0,100265.0,1048.0,0.13,0.32,0.63,1.26,3.16
2022-05-02,CETXP,-36.09,0.9997,103662.0,6009.0,86357.0,9.65,24.12,48.23,96.47,241.17
2022-05-02,SOUN,-15.82,9.2668,3061674.0,276926.0,331942.0,0.33,0.82,1.63,3.27,8.17
2022-05-10,BWV,0.77,5.0183,1511195.0,59678.0,304778.0,0.66,1.65,3.31,6.62,16.54
2022-05-11,PEAR,-0.3,4.4489,57453.0,892.0,12882.0,17.41,43.51,87.03,174.06,435.14
2022-05-18,BGXX,64.94,48.5683,36771747.0,2359144.0,750746.0,0.03,0.07,0.14,0.27,0.68
2022-05-18,BGXX,116.32,48.5683,36771747.0,2359144.0,750746.0,0.03,0.07,0.14,0.27,0.68
2022-05-25,ENOB,-40.96,3.5511,1885259.0,60640.0,550596.0,0.53,1.33,2.65,5.3,13.26
2022-06-10,AFRI,-19.97,8.8478,175579.0,9744.0,18538.0,5.7,14.24,28.48,56.95,142.39
2022-06-13,BLTE,14.12,22.5933,93204.0,0.0,4124.0,10.73,26.82,53.65,107.29,268.23
2022-06-22,PEV,-0.03,5.586,20974552.0,510250.0,3384209.0,0.05,0.12,0.24,0.48,1.19
2022-07-14,GRRR,2.04,274.3125,312653.0,2750.0,1047.0,3.2,8.0,15.99,31.98,79.96
2022-07-20,NEWR,11.99,61.3263,67041273.0,2854074.0,1094308.0,0.01,0.04,0.07,0.15,0.37
2022-07-21,ADXN,-6.14,41.6955,10977837.0,418255.0,259764.0,0.09,0.23,0.46,0.91,2.28
2022-07-22,HKD,157.54,62.0924,26118485.0,878725.0,447569.0,0.04,0.1,0.19,0.38,0.96
2022-07-29,MGAM,113.33,10.3341,14413844.0,531268.0,1372084.0,0.07,0.17,0.35,0.69,1.73
2022-08-01,LTRPB,147.06,59.0919,1034511.0,0.0,15590.0,0.97,2.42,4.83,9.67,24.17
2022-08-01,LTRPB,157.34,59.0919,1034511.0,0.0,15590.0,0.97,2.42,4.83,9.67,24.17
2022-08-01,LTRPB,156.45,59.0919,1034511.0,0.0,15590.0,0.97,2.42,4.83,9.67,24.17
2022-08-01,QRTEB,324.34,20.4488,57482424.0,2139298.0,2956370.0,0.02,0.04,0.09,0.17,0.43
2022-08-02,APDN,53.52,3301.725,26170053.0,1203394.0,7553.0,0.04,0.1,0.19,0.38,0.96
2022-08-02,APDN,41.91,3301.725,26170053.0,1203394.0,7553.0,0.04,0.1,0.19,0.38,0.96
2022-08-02,APDN,82.52,3301.725,26170053.0,1203394.0,7553.0,0.04,0.1,0.19,0.38,0.96
2022-08-02,APDN,58.71,3301.725,26170053.0,1203394.0,7553.0,0.04,0.1,0.19,0.38,0.96
2022-08-04,APDN,43.53,6014.925,39521326.0,576769.0,6351.0,0.03,0.06,0.13,0.25,0.63
2022-08-09,MTC,-6.82,23.2984,583134.0,14568.0,23614.0,1.71,4.29,8.57,17.15,42.87
2022-08-10,BCAB,29.41,352.4417,16930934.0,254700.0,48074.0,0.06,0.15,0.3,0.59,1.48
2022-08-10,ARTL,6.37,72.1593,285724.0,21244.0,3897.0,3.5,8.75,17.5,35.0,87.5
2022-08-11,HSCS,-3.34,317.6439,275602.0,3506.0,860.0,3.63,9.07,18.14,36.28,90.71
2022-08-12,IMV,26.08,7.7296,110053.0,6355.0,14457.0,9.09,22.72,45.43,90.86,227.16
2022-08-16,BBBY,0.26,18.0004,463157634.0,11289600.0,26665866.0,0.0,0.01,0.01,0.02,0.05
2022-08-19,GCT,26.44,54.5633,80066387.0,1537420.0,1451590.0,0.01,0.03,0.06,0.12,0.31
2022-08-19,GCT,11.83,54.5633,80066387.0,1537420.0,1451590.0,0.01,0.03,0.06,0.12,0.31
2022-08-19,GCT,11.69,54.5633,80066387.0,1537420.0,1451590.0,0.01,0.03,0.06,0.12,0.31
2022-09-01,PIXY,-29.99,7666.785,1673385.0,35508.0,222.0,0.6,1.49,2.99,5.98,14.94
2022-09-14,HKD,252.11,214.4625,13887283.0,1557240.0,73268.0,0.07,0.18,0.36,0.72,1.8
2022-09-14,HKD,198.46,214.4625,13887283.0,1557240.0,73268.0,0.07,0.18,0.36,0.72,1.8
2022-09-14,HKD,204.85,214.4625,13887283.0,1557240.0,73268.0,0.07,0.18,0.36,0.72,1.8
2022-09-14,HKD,249.81,214.4625,13887283.0,1557240.0,73268.0,0.07,0.18,0.36,0.72,1.8
2022-09-14,HKD,314.44,214.4625,13887283.0,1557240.0,73268.0,0.07,0.18,0.36,0.72,1.8
2022-09-14,HKD,317.51,214.4625,13887283.0,1557240.0,73268.0,0.07,0.18,0.36,0.72,1.8
2022-09-14,HKD,259.62,214.4625,13887283.0,1557240.0,73268.0,0.07,0.18,0.36,0.72,1.8
2022-09-14,HKD,330.06,214.4625,13887283.0,1557240.0,73268.0,0.07,0.18,0.36,0.72,1.8
2022-09-15,HKD,-63.56,116.7075,5715236.0,139600.0,43923.0,0.17,0.44,0.87,1.75,4.37
2022-09-15,HKD,-65.84,116.7075,5715236.0,139600.0,43923.0,0.17,0.44,0.87,1.75,4.37
2022-09-27,R,10.33,75.7601,86888127.0,2896528.0,1131478.0,0.01,0.03,0.06,0.12,0.29
2022-09-28,PEPG,28.04,10.5,18787639.0,444905.0,1680484.0,0.05,0.13,0.27,0.53,1.33
2022-10-05,CNTQ,65.42,22.8926,1602414.0,76019.0,66706.0,0.62,1.56,3.12,6.24,15.6
2022-10-14,GEHI,-22.32,8.9775,144916.0,30798.0,15356.0,6.9,17.25,34.5,69.01,172.51
2022-10-25,DUO,62.56,340.1395,7012548.0,413469.0,21950.0,0.14,0.36,0.71,1.43,3.57
2022-10-28,BHSE,-33.33,11.9401,1127317.0,0.0,82765.0,0.89,2.22,4.44,8.87,22.18
2022-11-03,HUDI,53.18,87.1516,8524755.0,0.0,123122.0,0.12,0.29,0.59,1.17,2.93
2022-11-03,HUDI,79.29,87.1516,8524755.0,0.0,123122.0,0.12,0.29,0.59,1.17,2.93
2022-11-11,PIXY,40.33,6176.52,262249.0,16933.0,43.0,3.81,9.53,19.07,38.13,95.33
2022-12-09,AMAM,215.49,4.439,44306181.0,4161759.0,11192022.0,0.02,0.06,0.11,0.23,0.56
2022-12-09,AMAM,144.03,4.439,44306181.0,4161759.0,11192022.0,0.02,0.06,0.11,0.23,0.56
2022-12-09,AMAM,69.88,4.439,44306181.0,4161759.0,11192022.0,0.02,0.06,0.11,0.23,0.56
2022-12-15,LANV,-52.81,7.3516,97036.0,0.0,12951.0,10.31,25.76,51.53,103.05,257.64
2022-12-21,SINT,-9.25,2384.025,7128746.0,170356.0,2925.0,0.14,0.35,0.7,1.4,3.51
2023-01-03,JSPR,31.75,28.4687,7277214.0,219497.0,233051.0,0.14,0.34,0.69,1.37,3.44
2023-01-03,JSPR,57.37,28.4687,7277214.0,219497.0,233051.0,0.14,0.34,0.69,1.37,3.44
2023-01-03,NUZE,-8.05,9.5511,64711.0,5841.0,6360.0,15.45,38.63,77.27,154.53,386.33
2023-01-19,GNS,94.74,20.6483,45964590.0,710935.0,2246242.0,0.02,0.05,0.11,0.22,0.54
2023-01-20,COSM,42.67,5.2979,48377562.0,1033678.0,8583344.0,0.02,0.05,0.1,0.21,0.52
2023-01-24,GNS,-13.78,44.8865,22701119.0,764354.0,493261.0,0.04,0.11,0.22,0.44,1.1
2023-02-03,KAL,16.2,7.9412,721918.0,3903.0,89700.0,1.39,3.46,6.93,13.85,34.63
2023-02-06,SNES,-10.43,575.757,2073430.0,115416.0,3681.0,0.48,1.21,2.41,4.82,12.06
2023-02-16,LUNR,145.65,41.8949,21195971.0,1152145.0,464022.0,0.05,0.12,0.24,0.47,1.18
2023-02-23,AMAM,9.25,6.4342,30418267.0,937320.0,4636424.0,0.03,0.08,0.16,0.33,0.82
2023-03-06,GNLX,51.65,30.1544,6302807.0,0.0,201937.0,0.16,0.4,0.79,1.59,3.97
2023-03-14,AMBI,65.86,13.8353,1894450.0,51477.0,130012.0,0.53,1.32,2.64,5.28,13.2
2023-03-16,AUVIP,13.75,22.3141,3378.0,0.0,151.0,296.04,740.11,1480.22,2960.45,7401.11
2023-03-22,BAOS,-32.63,3.3516,44805.0,0.0,13954.0,22.32,55.8,111.59,223.19,557.97
2023-03-22,ZURA,101.18,30.8327,9478509.0,0.0,292042.0,0.11,0.26,0.53,1.06,2.64
2023-04-13,PKST,-24.88,10.8029,1362273.0,0.0,103200.0,0.73,1.84,3.67,7.34,18.35
2023-04-14,CNSP,76.03,84388.5,11570362.0,763180.0,128.0,0.09,0.22,0.43,0.86,2.16
2023-04-14,CNSP,134.22,84388.5,11570362.0,763180.0,128.0,0.09,0.22,0.43,0.86,2.16
2023-04-14,CNSP,288.69,84388.5,11570362.0,763180.0,128.0,0.09,0.22,0.43,0.86,2.16
2023-04-14,CNSP,245.64,84388.5,11570362.0,763180.0,128.0,0.09,0.22,0.43,0.86,2.16
2023-04-25,CNTG,23.29,1.586,1380623.0,28159.0,913896.0,0.72,1.81,3.62,7.24,18.11
2023-05-01,BAOS,185.35,13.7655,1448733.0,0.0,120600.0,0.69,1.73,3.45,6.9,17.26
2023-05-01,BAOS,180.1,13.7655,1448733.0,0.0,120600.0,0.69,1.73,3.45,6.9,17.26
2023-05-01,BAOS,185.35,13.7655,1448733.0,0.0,120600.0,0.69,1.73,3.45,6.9,17.26
2023-05-01,BNSO,5.64,3.9601,150675.0,0.0,39172.0,6.64,16.59,33.18,66.37,165.92
2023-05-01,BAOS,192.98,13.7655,1448733.0,0.0,120600.0,0.69,1.73,3.45,6.9,17.26
2023-05-01,UTME,98.51,2.1546,1648621.0,0.0,986126.0,0.61,1.52,3.03,6.07,15.16
2023-05-01,BAOS,209.44,13.7655,1448733.0,0.0,120600.0,0.69,1.73,3.45,6.9,17.26
2023-05-01,UTME,77.18,2.1546,1648621.0,0.0,986126.0,0.61,1.52,3.03,6.07,15.16
2023-05-01,UTME,84.82,2.1546,1648621.0,0.0,986126.0,0.61,1.52,3.03,6.07,15.16
2023-05-01,BAOS,210.59,13.7655,1448733.0,0.0,120600.0,0.69,1.73,3.45,6.9,17.26
2023-05-03,KRBP,-16.36,5.3167,419361.0,20470.0,81781.0,2.38,5.96,11.92,23.85,59.61
2023-05-08,OMH,279.88,265.335,5787035.0,0.0,25482.0,0.17,0.43,0.86,1.73,4.32
2023-05-08,TRVN,63.2,73.0669,10908120.0,0.0,162651.0,0.09,0.23,0.46,0.92,2.29
2023-05-08,TRVN,144.38,73.0669,10908120.0,0.0,162651.0,0.09,0.23,0.46,0.92,2.29
2023-05-08,TRVN,85.23,73.0669,10908120.0,0.0,162651.0,0.09,0.23,0.46,0.92,2.29
2023-05-08,TRVN,220.92,73.0669,10908120.0,0.0,162651.0,0.09,0.23,0.46,0.92,2.29
2023-05-09,CUEN,15.88,6.9177,509957.0,0.0,74587.0,1.96,4.9,9.8,19.61,49.02
2023-05-09,SFWL,-7.65,9.4763,14578946.0,439477.0,1541167.0,0.07,0.17,0.34,0.69,1.71
2023-05-11,IZM,-22.32,2.5686,910328.0,2181.0,330004.0,1.1,2.75,5.49,10.99,27.46
2023-05-15,ELOX,155.08,10.4339,31414344.0,0.0,3453460.0,0.03,0.08,0.16,0.32,0.8
2023-05-16,CYCN,21.03,5.2668,97587.0,0.0,18696.0,10.25,25.62,51.24,102.47,256.18
2023-05-18,PHIO,32.2,43.0471,2088944.0,20289.0,46900.0,0.48,1.2,2.39,4.79,11.97
2023-05-25,SDA,37.51,14.5934,3127426.0,0.0,210060.0,0.32,0.8,1.6,3.2,7.99
2023-05-25,SDA,38.29,14.5934,3127426.0,0.0,210060.0,0.32,0.8,1.6,3.2,7.99
2023-06-09,AHI,112.0,8.778,12654996.0,1139762.0,1162946.0,0.08,0.2,0.4,0.79,1.98
2023-06-09,AHI,67.95,8.778,12654996.0,1139762.0,1162946.0,0.08,0.2,0.4,0.79,1.98
2023-06-09,AHI,45.57,8.778,12654996.0,1139762.0,1162946.0,0.08,0.2,0.4,0.79,1.98
2023-06-09,AHI,28.45,8.778,12654996.0,1139762.0,1162946.0,0.08,0.2,0.4,0.79,1.98
2023-07-13,EDTX,33.06,43.112,2336079.0,0.0,58631.0,0.43,1.07,2.14,4.28,10.7
2023-07-13,GGAA,62.5,21.5161,1777303.0,0.0,80238.0,0.56,1.41,2.81,5.63,14.07
2023-07-13,EDTXU,34.79,38.4039,12292.0,0.0,301.0,81.35,203.38,406.77,813.54,2033.84
2023-07-13,GGAA,69.51,21.5161,1777303.0,0.0,80238.0,0.56,1.41,2.81,5.63,14.07
2023-07-14,PRFX,-22.13,1085.667,4571472.0,332269.0,4356.0,0.22,0.55,1.09,2.19,5.47
2023-07-14,FRLN,14.36,5.8154,1041281.0,2399.0,177745.0,0.96,2.4,4.8,9.6,24.01
2023-07-25,AURC,32.47,35.8402,16888814.0,301622.0,476116.0,0.06,0.15,0.3,0.59,1.48
2023-08-01,CTNT,37.69,88.803,3183801.0,439126.0,38616.0,0.31,0.79,1.57,3.14,7.85
2023-08-08,BIOL,18.22,6.9626,1850082.0,402101.0,286673.0,0.54,1.35,2.7,5.41,13.51
2023-08-14,TSHA,28.2,2.01,31216422.0,333871.0,15866643.0,0.03,0.08,0.16,0.32,0.8
2023-08-15,SRM,26.31,4.9252,4489189.0,42738.0,822440.0,0.22,0.56,1.11,2.23,5.57
2023-08-15,SRM,30.41,4.9252,4489189.0,42738.0,822440.0,0.22,0.56,1.11,2.23,5.57
2023-08-15,SPGC,217.12,6912.675,23246055.0,973293.0,3287.0,0.04,0.11,0.22,0.43,1.08
2023-08-16,BAOS,22.31,7.99,909492.0,12823.0,111921.0,1.1,2.75,5.5,11.0,27.49
2023-08-16,DBGI,68.26,974.4328,5317768.0,114722.0,4864.0,0.19,0.47,0.94,1.88,4.7
2023-08-28,FLAG.U,21.49,9.975,5649.0,0.0,562.0,177.03,442.57,885.14,1770.28,4425.7
2023-08-28,FLAG.U,21.78,9.975,5649.0,0.0,562.0,177.03,442.57,885.14,1770.28,4425.7
2023-08-31,ADTX,301.94,441852600.0,10315297.0,630442.0,0.0,0.1,0.24,0.48,0.97,2.42
2023-08-31,ADTX,370.77,441852600.0,10315297.0,630442.0,0.0,0.1,0.24,0.48,0.97,2.42
2023-08-31,SQL,22.32,21.0221,907797.0,21075.0,41387.0,1.1,2.75,5.51,11.02,27.54
2023-08-31,DMS,13.35,3.9302,37927.0,0.0,10101.0,26.37,65.92,131.83,263.66,659.16
2023-09-01,ADTX,48.48,403618824.0,6546084.0,0.0,0.0,0.15,0.38,0.76,1.53,3.82
2023-09-01,ADTX,68.55,403618824.0,6546084.0,0.0,0.0,0.15,0.38,0.76,1.53,3.82
2023-09-05,DBGI,24.28,770.0301,9879584.0,333603.0,11165.0,0.1,0.25,0.51,1.01,2.53
2023-09-06,HKIT,-86.64,205.485,10925010.0,348574.0,47676.0,0.09,0.23,0.46,0.92,2.29
2023-09-06,HKIT,-86.6,205.485,10925010.0,348574.0,47676.0,0.09,0.23,0.46,0.92,2.29
2023-09-18,DTOC,172.7,29.6258,4284188.0,0.0,128559.0,0.23,0.58,1.17,2.33,5.84
2023-09-27,CMCT,6.78,107557.7121,152006.0,0.0,1.0,6.58,16.45,32.89,65.79,164.47
2023-10-02,MNTS,-40.27,489.8266,2212977.0,29357.0,4633.0,0.45,1.13,2.26,4.52,11.3
2023-10-05,MRTX,33.55,61.6618,150070601.0,4435914.0,2495438.0,0.01,0.02,0.03,0.07,0.17
2023-10-06,ALXO,17.42,8.3192,13230683.0,252929.0,1579119.0,0.08,0.19,0.38,0.76,1.89
2023-10-11,TPST,212.95,60.1044,12218911.0,1577593.0,239448.0,0.08,0.2,0.41,0.82,2.05
2023-10-11,TPST,217.27,60.1044,12218911.0,1577593.0,239448.0,0.08,0.2,0.41,0.82,2.05
2023-10-11,TPST,204.66,60.1044,12218911.0,1577593.0,239448.0,0.08,0.2,0.41,0.82,2.05
2023-10-11,TPST,328.94,60.1044,12218911.0,1577593.0,239448.0,0.08,0.2,0.41,0.82,2.05
2023-10-11,TPST,279.98,60.1044,12218911.0,1577593.0,239448.0,0.08,0.2,0.41,0.82,2.05
2023-10-11,TPST,394.67,60.1044,12218911.0,1577593.0,239448.0,0.08,0.2,0.41,0.82,2.05
2023-10-11,TPST,360.04,60.1044,12218911.0,1577593.0,239448.0,0.08,0.2,0.41,0.82,2.05
2023-10-11,TPST,291.52,60.1044,12218911.0,1577593.0,239448.0,0.08,0.2,0.41,0.82,2.05
2023-10-11,TPST,340.36,60.1044,12218911.0,1577593.0,239448.0,0.08,0.2,0.41,0.82,2.05
2023-10-12,OPGN,-56.52,9.177,2663942.0,48875.0,273018.0,0.38,0.94,1.88,3.75,9.38
2023-10-12,SECO,-57.36,0.9299,5210597.0,99943.0,4062036.0,0.19,0.48,0.96,1.92,4.8
2023-10-19,BFRI,-8.03,5.0975,144922.0,5316.0,27751.0,6.9,17.25,34.5,69.0,172.51
2023-10-24,FRBN,88.03,20.2193,1305627.0,0.0,54766.0,0.77,1.91,3.83,7.66,19.15
2023-10-27,FRBN,-26.81,28.6881,139968.0,0.0,4995.0,7.14,17.86,35.72,71.44,178.61
2023-11-07,CDIO,63.54,43.3912,19244670.0,340178.0,427882.0,0.05,0.13,0.26,0.52,1.3
2023-11-07,CDIO,58.15,43.3912,19244670.0,340178.0,427882.0,0.05,0.13,0.26,0.52,1.3
2023-11-08,RMCO,13.79,8.1311,62184.0,6081.0,7671.0,16.08,40.2,80.41,160.81,402.03
2023-11-10,JGGC,-10.49,9.8054,27020.0,983.0,2859.0,37.01,92.53,185.05,370.1,925.26
2023-11-13,GDHG,-30.78,308227.5,2610640.0,125196.0,10.0,0.38,0.96,1.92,3.83,9.58
2023-11-13,GDHG,-33.48,308227.5,2610640.0,125196.0,10.0,0.38,0.96,1.92,3.83,9.58
2023-11-16,KORE,48.85,3.4414,166415.0,385.0,46959.0,6.01,15.02,30.05,60.09,150.23
2023-11-16,KORE,48.88,3.4414,166415.0,385.0,46959.0,6.01,15.02,30.05,60.09,150.23
2023-11-16,SGD,360.81,63.6505,4852160.0,0.0,76161.0,0.21,0.52,1.03,2.06,5.15
2023-11-28,SYRE,21.0,13.9849,225385.0,0.0,16135.0,4.44,11.09,22.18,44.37,110.92
2023-11-29,VVOS,210.56,37.3913,89474658.0,1745542.0,2185906.0,0.01,0.03,0.06,0.11,0.28
2023-11-29,YOSH,56.33,2.4439,5051559.0,215611.0,1731736.0,0.2,0.49,0.99,1.98,4.95
2023-11-29,CDT,39.42,1744418.025,3336833.0,81803.0,2.0,0.3,0.75,1.5,3.0,7.49
2023-11-29,VVOS,155.36,37.3913,89474658.0,1745542.0,2185906.0,0.01,0.03,0.06,0.11,0.28
2023-12-06,WBUY,-72.12,2.2444,5016844.0,122416.0,1960277.0,0.2,0.5,1.0,1.99,4.98
2023-12-22,GMBL,45.76,7.1777,7379613.0,190607.0,1039982.0,0.14,0.34,0.68,1.36,3.39
2024-01-31,IFBD,88.83,10.9326,1720871.0,262927.0,212903.0,0.58,1.45,2.91,5.81,14.53
2024-02-01,CCTG,-82.22,39.3015,5178979.0,29541.0,137212.0,0.19,0.48,0.97,1.93,4.83
2024-02-01,NEUE,-48.07,6.1844,459254.0,20129.0,67824.0,2.18,5.44,10.89,21.77,54.44
2024-02-07,HOLO,45.4,8849.2614,57068994.0,2621314.0,6357.0,0.02,0.04,0.09,0.18,0.44
2024-02-13,HOLO,-2.13,20269.5192,26725010.0,1347785.0,1215.0,0.04,0.09,0.19,0.37,0.94
2024-02-13,BGLC,-16.09,18.5535,4342193.0,171564.0,254276.0,0.23,0.58,1.15,2.3,5.76
2024-03-06,SWIN,131.71,53.8151,16699559.0,809051.0,294334.0,0.06,0.15,0.3,0.6,1.5
2024-03-13,SWIN,-65.8,19.4513,2670405.0,151248.0,131269.0,0.37,0.94,1.87,3.74,9.36
2024-03-15,OTLK,18.96,8.2373,3367592.0,43890.0,396641.0,0.3,0.74,1.48,2.97,7.42
2024-03-15,SOAR,-16.22,94.5131,154490.0,4286.0,1747.0,6.47,16.18,32.36,64.73,161.82
2024-03-27,GCTS,225.55,40.8975,5871231.0,357635.0,132783.0,0.17,0.43,0.85,1.7,4.26
2024-03-27,GCTS,196.82,40.8975,5871231.0,357635.0,132783.0,0.17,0.43,0.85,1.7,4.26
2024-03-27,GCTS,165.97,40.8975,5871231.0,357635.0,132783.0,0.17,0.43,0.85,1.7,4.26
2024-03-28,NTRB,-13.15,4.3641,382520.0,10827.0,79299.0,2.61,6.54,13.07,26.14,65.36
2024-04-03,JZXN,-62.39,746.928,1463894.0,42625.0,1922.0,0.68,1.71,3.42,6.83,17.08
2024-04-04,CADL,144.43,6.2887,96154404.0,2071285.0,14904888.0,0.01,0.03,0.05,0.1,0.26
2024-04-05,BTTR,86.02,8.3192,4015613.0,193736.0,494918.0,0.25,0.62,1.25,2.49,6.23
2024-04-18,BPTH,-40.25,4.0249,4739290.0,111735.0,1192335.0,0.21,0.53,1.06,2.11,5.28
2024-04-19,TRSG,-25.8,6.0847,448954.0,1554.0,72912.0,2.23,5.57,11.14,22.27,55.68
2024-04-23,HCP,17.2,29.6357,86596523.0,3344970.0,2891451.0,0.01,0.03,0.06,0.12,0.29
2024-04-25,BACK,34.26,5.3566,5892638.0,117533.0,1130178.0,0.17,0.42,0.85,1.7,4.24
2024-05-03,NUVO,-53.27,2.0195,149200.0,5378.0,68433.0,6.7,16.76,33.51,67.02,167.56
2024-05-10,LIDR,27.28,2.6733,18330035.0,451657.0,6998064.0,0.05,0.14,0.27,0.55,1.36
2024-05-14,GME,-4.33,49.8052,628546443.0,42604479.0,13310040.0,0.0,0.0,0.01,0.02,0.04
2024-05-14,MTC,23.64,69.7851,7399417.0,138777.0,97546.0,0.14,0.34,0.68,1.35,3.38
2024-05-14,MTC,33.12,69.7851,7399417.0,138777.0,97546.0,0.14,0.34,0.68,1.35,3.38
2024-05-14,MTC,28.97,69.7851,7399417.0,138777.0,97546.0,0.14,0.34,0.68,1.35,3.38
2024-05-16,FFIE,53.09,65.2365,56657978.0,687593.0,843767.0,0.02,0.04,0.09,0.18,0.44
2024-05-17,DUO,-1.96,25.8552,2312667.0,41189.0,90696.0,0.43,1.08,2.16,4.32,10.81
2024-05-17,DUO,6.48,25.8552,2312667.0,41189.0,90696.0,0.43,1.08,2.16,4.32,10.81
2024-05-17,FLJ,22.3,1.4464,1914577.0,69412.0,1257307.0,0.52,1.31,2.61,5.22,13.06
2024-05-28,LPA,60.03,28.4188,475454.0,120238.0,17786.0,2.1,5.26,10.52,21.03,52.58
2024-05-28,LPA,41.07,28.4188,475454.0,120238.0,17786.0,2.1,5.26,10.52,21.03,52.58
2024-05-31,ADRT,135.05,43.89,740305.0,4400.0,16069.0,1.35,3.38,6.75,13.51,33.77
2024-05-31,ADRT,123.45,43.89,740305.0,4400.0,16069.0,1.35,3.38,6.75,13.51,33.77
2024-06-03,CCM,42.34,8.4787,99908.0,1734.0,11708.0,10.01,25.02,50.05,100.09,250.23
2024-06-04,DHAC,-7.26,20.4488,750910.0,33714.0,29510.0,1.33,3.33,6.66,13.32,33.29
2024-06-04,LPA,-51.54,194.8118,109340.0,0.0,567.0,9.15,22.86,45.73,91.46,228.64
2024-06-04,ADRT,-27.69,24.0896,97783.0,0.0,4030.0,10.23,25.57,51.13,102.27,255.67
2024-06-05,ASNS,47.58,39.6008,17362376.0,0.0,416287.0,0.06,0.14,0.29,0.58,1.44
2024-06-05,ASNS,85.87,39.6008,17362376.0,0.0,416287.0,0.06,0.14,0.29,0.58,1.44
2024-06-05,ASNS,65.56,39.6008,17362376.0,0.0,416287.0,0.06,0.14,0.29,0.58,1.44
2024-06-05,ASNS,41.74,39.6008,17362376.0,0.0,416287.0,0.06,0.14,0.29,0.58,1.44
2024-06-05,ASNS,44.34,39.6008,17362376.0,0.0,416287.0,0.06,0.14,0.29,0.58,1.44
2024-06-05,ASNS,28.77,39.6008,17362376.0,0.0,416287.0,0.06,0.14,0.29,0.58,1.44
2024-06-05,ASNS,15.89,39.6008,17362376.0,0.0,416287.0,0.06,0.14,0.29,0.58,1.44
2024-06-12,DDC,29.03,42.1444,3847338.0,52743.0,90720.0,0.26,0.65,1.3,2.6,6.5
2024-06-13,ZAPP,36.34,2.4938,10631964.0,204308.0,3966614.0,0.09,0.24,0.47,0.94,2.35
2024-06-13,ZAPP,7.88,2.4938,10631964.0,204308.0,3966614.0,0.09,0.24,0.47,0.94,2.35
2024-06-13,ZAPP,-0.75,2.4938,10631964.0,204308.0,3966614.0,0.09,0.24,0.47,0.94,2.35
2024-06-13,ZAPP,0.87,2.4938,10631964.0,204308.0,3966614.0,0.09,0.24,0.47,0.94,2.35
2024-10-07,SOBR,50.77,99.7051,30108767.0,791797.0,284134.0,0.03,0.08,0.17,0.33,0.83
2024-10-11,TCS,19.67,15.406,1372976.0,28748.0,82824.0,0.73,1.82,3.64,7.28,18.21
2024-10-11,TCS,15.72,15.406,1372976.0,28748.0,82824.0,0.73,1.82,3.64,7.28,18.21
2024-10-17,NUZE,73.59,2.2942,16449567.0,545612.0,7000931.0,0.06,0.15,0.3,0.61,1.52
2024-10-17,NUZE,57.43,2.2942,16449567.0,545612.0,7000931.0,0.06,0.15,0.3,0.61,1.52
2024-10-17,NUZE,51.17,2.2942,16449567.0,545612.0,7000931.0,0.06,0.15,0.3,0.61,1.52
2024-10-17,NUZE,121.6,2.2942,16449567.0,545612.0,7000931.0,0.06,0.15,0.3,0.61,1.52
2024-10-17,JDZG,96.77,336.2174,5727255.0,221512.0,17211.0,0.17,0.44,0.87,1.75,4.37
2024-10-18,DRUG,7.08,54.9224,111552585.0,3617588.0,1674058.0,0.01,0.02,0.04,0.09,0.22
2024-10-23,PC,-70.38,13.556,2596829.0,48038.0,166835.0,0.39,0.96,1.93,3.85,9.63
2024-10-23,PC,-69.84,13.556,2596829.0,48038.0,166835.0,0.39,0.96,1.93,3.85,9.63
2024-10-23,PC,-70.32,13.556,2596829.0,48038.0,166835.0,0.39,0.96,1.93,3.85,9.63
2024-10-23,PC,-72.04,13.556,2596829.0,48038.0,166835.0,0.39,0.96,1.93,3.85,9.63
2024-10-24,TC,-51.4,32.9175,521133.0,26603.0,15648.0,1.92,4.8,9.59,19.19,47.97
2024-10-24,MNPR,154.08,30.9225,52007341.0,1383385.0,1576421.0,0.02,0.05,0.1,0.19,0.48
2024-10-29,JL,54.41,7.5311,4420469.0,143837.0,565408.0,0.23,0.57,1.13,2.26,5.66
2024-11-04,SPPL,200.16,9.1706,18311082.0,238570.0,1930568.0,0.05,0.14,0.27,0.55,1.37
2024-11-05,DJT,-12.52,34.0846,431107822.0,14871570.0,12264032.0,0.0,0.01,0.01,0.02,0.06
2024-11-05,ATGL,-11.04,8.7032,187640.0,0.0,22010.0,5.33,13.32,26.65,53.29,133.23
2024-11-18,MI,-44.01,2.1945,82612.0,0.0,36408.0,12.1,30.26,60.52,121.05,302.62
2024-11-18,MI,-42.54,2.1945,82612.0,0.0,36408.0,12.1,30.26,60.52,121.05,302.62
2024-11-20,SKK,-49.93,44.7878,449161.0,37768.0,8748.0,2.23,5.57,11.13,22.26,55.66
2024-12-10,GXAI,-2.69,5.7504,7501192.0,205416.0,1322533.0,0.13,0.33,0.67,1.33,3.33
2024-12-18,XCH,-90.44,2.4071,3040402.0,35292.0,1222320.0,0.33,0.82,1.64,3.29,8.22
2024-12-19,NVNI,280.21,26.5335,1238150.0,0.0,52782.0,0.81,2.02,4.04,8.08,20.19
2024-12-19,NVNI,269.2,26.5335,1238150.0,0.0,52782.0,0.81,2.02,4.04,8.08,20.19
2024-12-19,NVNI,146.74,26.5335,1238150.0,0.0,52782.0,0.81,2.02,4.04,8.08,20.19
2024-12-19,NVNI,63.98,26.5335,1238150.0,0.0,52782.0,0.81,2.02,4.04,8.08,20.19
2024-12-19,NVNI,73.69,26.5335,1238150.0,0.0,52782.0,0.81,2.02,4.04,8.08,20.19
2024-12-20,ZEO,22.2,1.9896,1039724.0,6580.0,440474.0,0.96,2.4,4.81,9.62,24.04
2024-12-23,DRCT,635.06,288.0281,7113684.0,0.0,29865.0,0.14,0.35,0.7,1.41,3.51
2024-12-23,DRCT,596.63,288.0281,7113684.0,0.0,29865.0,0.14,0.35,0.7,1.41,3.51
2024-12-23,DRCT,568.05,288.0281,7113684.0,0.0,29865.0,0.14,0.35,0.7,1.41,3.51
2024-12-23,DRCT,386.99,288.0281,7113684.0,0.0,29865.0,0.14,0.35,0.7,1.41,3.51
2024-12-23,DRCT,513.04,288.0281,7113684.0,0.0,29865.0,0.14,0.35,0.7,1.41,3.51
2024-12-23,DRCT,382.48,288.0281,7113684.0,0.0,29865.0,0.14,0.35,0.7,1.41,3.51
2024-12-23,DRCT,269.56,288.0281,7113684.0,0.0,29865.0,0.14,0.35,0.7,1.41,3.51
2024-12-23,DRCT,223.65,288.0281,7113684.0,0.0,29865.0,0.14,0.35,0.7,1.41,3.51
2024-12-27,INTZ,44.49,2.1347,18146146.0,175893.0,8330050.0,0.06,0.14,0.28,0.55,1.38
2024-12-30,WATT,35.25,74.214,49516847.0,2366207.0,754531.0,0.02,0.05,0.1,0.2,0.5
2024-12-30,WATT,44.79,74.214,49516847.0,2366207.0,754531.0,0.02,0.05,0.1,0.2,0.5
2024-12-31,IZTC,-11.09,15.9401,14179.0,0.0,965.0,70.53,176.32,352.64,705.27,1763.18
2025-01-06,MSS,26.71,1.737,1130289.0,30853.0,658115.0,0.88,2.21,4.42,8.85,22.12
2025-01-06,BOXL,82.17,46.686,12039805.0,161152.0,239342.0,0.08,0.21,0.42,0.83,2.08
2025-01-28,SLXN,3.32,19.0024,7341587.0,69118.0,381013.0,0.14,0.34,0.68,1.36,3.41
2025-01-29,XFOR,40.34,20.7201,12939531.0,217888.0,598715.0,0.08,0.19,0.39,0.77,1.93
2025-01-31,DXF,-39.89,28.1454,1679358.0,13456.0,64877.0,0.6,1.49,2.98,5.95,14.89
2025-01-31,DXF,21.71,28.1454,1679358.0,13456.0,64877.0,0.6,1.49,2.98,5.95,14.89
2025-02-06,BOWN,-24.57,3.4415,29103.0,0.0,7947.0,34.36,85.9,171.8,343.6,859.01
2025-02-14,INLF,56.33,259.6692,19914752.0,633431.0,71739.0,0.05,0.13,0.25,0.5,1.26
2025-02-14,INLF,41.22,259.6692,19914752.0,633431.0,71739.0,0.05,0.13,0.25,0.5,1.26
2025-02-24,MSW,-1.52,5.0473,63215.0,10153.0,12766.0,15.82,39.55,79.09,158.19,395.47
2025-02-24,RHLDV,-45.1,32.5484,161251.0,6526.0,5390.0,6.2,15.5,31.01,62.02,155.04
2025-03-11,QMMM,-4.8,1.4065,146872.0,706.0,102117.0,6.81,17.02,34.04,68.09,170.22
2025-03-20,IBO,24.78,2.1945,6212876.0,558055.0,3097623.0,0.16,0.4,0.8,1.61,4.02
2025-03-20,IBO,39.97,2.1945,6212876.0,558055.0,3097623.0,0.16,0.4,0.8,1.61,4.02
2025-03-20,IBO,-4.65,2.1945,6212876.0,558055.0,3097623.0,0.16,0.4,0.8,1.61,4.02
2025-03-20,ULY,12.52,4.7381,348532.0,5608.0,71426.0,2.87,7.17,14.35,28.69,71.73
2025-03-24,IMTE,51.85,1.8155,12627169.0,146531.0,6897047.0,0.08,0.2,0.4,0.79,1.98
2025-03-24,IMTE,41.13,1.8155,12627169.0,146531.0,6897047.0,0.08,0.2,0.4,0.79,1.98
2025-03-26,IBO,-33.0,2.2942,153894.0,5577.0,67444.0,6.5,16.24,32.49,64.98,162.45
2025-03-31,ICCT,76.05,1.8753,36942850.0,953277.0,20004633.0,0.03,0.07,0.14,0.27,0.68
2025-03-31,ICCT,66.62,1.8753,36942850.0,953277.0,20004633.0,0.03,0.07,0.14,0.27,0.68
2025-03-31,ICCT,54.25,1.8753,36942850.0,953277.0,20004633.0,0.03,0.07,0.14,0.27,0.68
2025-03-31,NMAX,58.49,82.0444,28323207.0,0.0,392060.0,0.04,0.09,0.18,0.35,0.88
2025-04-01,BIAF,42.82,35.0123,8502470.0,180664.0,253667.0,0.12,0.29,0.59,1.18,2.94
2025-04-01,RSLS,82.84,174.5625,10457511.0,327683.0,62544.0,0.1,0.24,0.48,0.96,2.39
2025-04-01,RSLS,63.71,174.5625,10457511.0,327683.0,62544.0,0.1,0.24,0.48,0.96,2.39
2025-04-01,RSLS,26.82,174.5625,10457511.0,327683.0,62544.0,0.1,0.24,0.48,0.96,2.39
2025-04-01,WXM,15.61,5.0076,5503255.0,172157.0,886457.0,0.18,0.45,0.91,1.82,4.54
2025-04-02,VVPR,-7.07,3.8104,540375.0,7046.0,143393.0,1.85,4.63,9.25,18.51,46.26
2025-04-04,AREB,112.31,779247.0,44055505.0,2779923.0,68.0,0.02,0.06,0.11,0.23,0.57
2025-04-04,AREB,74.87,779247.0,44055505.0,2779923.0,68.0,0.02,0.06,0.11,0.23,0.57
2025-04-04,AREB,93.26,779247.0,44055505.0,2779923.0,68.0,0.02,0.06,0.11,0.23,0.57
2025-04-07,JNVR,114.91,41.8798,72254538.0,889319.0,1628707.0,0.01,0.03,0.07,0.14,0.35
2025-04-08,FMTO,123.49,1695.75,816973.0,0.0,481.0,1.22,3.06,6.12,12.24,30.6
2025-04-14,BULL,73.64,67.1317,82935504.0,949012.0,1250188.0,0.01,0.03,0.06,0.12,0.3
2025-04-14,BULL,45.89,67.1317,82935504.0,949012.0,1250188.0,0.01,0.03,0.06,0.12,0.3
2025-04-16,IOTR,-64.23,18.1545,1136551.0,116852.0,65496.0,0.88,2.2,4.4,8.8,22.0
2025-04-16,IOTR,-63.94,18.1545,1136551.0,116852.0,65496.0,0.88,2.2,4.4,8.8,22.0
2025-04-17,FATN,24.6,11.8902,2839335.0,123061.0,234907.0,0.35,0.88,1.76,3.52,8.8
2025-04-21,APVO,-48.14,228.9263,477426.0,15722.0,2064.0,2.09,5.24,10.47,20.95,52.36
2025-04-24,TMDE,-75.27,1.4963,4897558.0,23184.0,2869401.0,0.2,0.51,1.02,2.04,5.1
2025-04-24,TMDE,-75.29,1.4963,4897558.0,23184.0,2869401.0,0.2,0.51,1.02,2.04,5.1
2025-04-24,TMDE,-75.31,1.4963,4897558.0,23184.0,2869401.0,0.2,0.51,1.02,2.04,5.1
2025-04-25,JAGX,14.49,9.6757,1112417.0,5481.0,115067.0,0.9,2.25,4.49,8.99,22.47
2025-05-01,CDTG,-72.5,0.6882,1056975.0,53433.0,1417655.0,0.95,2.37,4.73,9.46,23.65
2025-05-05,NTCL,-14.15,12.778,7018463.0,0.0,502291.0,0.14,0.36,0.71,1.42,3.56
2025-05-05,NTCL,-14.09,12.778,7018463.0,0.0,502291.0,0.14,0.36,0.71,1.42,3.56
2025-05-05,NTCL,-14.7,12.778,7018463.0,0.0,502291.0,0.14,0.36,0.71,1.42,3.56
2025-05-05,NTCL,-14.15,12.778,7018463.0,0.0,502291.0,0.14,0.36,0.71,1.42,3.56
2025-05-07,ASST,33.21,61.047,65710774.0,3321033.0,1107083.0,0.02,0.04,0.08,0.15,0.38
2025-05-07,ASST,40.61,61.047,65710774.0,3321033.0,1107083.0,0.02,0.04,0.08,0.15,0.38
2025-05-09,NXTT,466.04,402.99,24507127.0,662481.0,54231.0,0.04,0.1,0.2,0.41,1.02
2025-05-09,NXTT,438.96,402.99,24507127.0,662481.0,54231.0,0.04,0.1,0.2,0.41,1.02
2025-05-09,GIBO,33.37,1085.28,197946.0,0.0,216.0,5.05,12.63,25.26,50.52,126.3
2025-05-09,NXTT,134.77,402.99,24507127.0,662481.0,54231.0,0.04,0.1,0.2,0.41,1.02
2025-05-12,INHD,-86.19,52.9074,4363794.0,0.0,63771.0,0.23,0.57,1.15,2.29,5.73
2025-05-12,INHD,-82.14,52.9074,4363794.0,0.0,63771.0,0.23,0.57,1.15,2.29,5.73
2025-05-13,EPSM,-14.12,12.2693,456232.0,7773.0,36703.0,2.19,5.48,10.96,21.92,54.8
2025-05-19,PTIX,15.41,11.541,29288380.0,520460.0,2511142.0,0.03,0.09,0.17,0.34,0.85
2025-06-03,MCTR,273.91,32.2791,63251149.0,0.0,2125237.0,0.02,0.04,0.08,0.16,0.4
2025-06-03,MCTR,274.34,32.2791,63251149.0,0.0,2125237.0,0.02,0.04,0.08,0.16,0.4
2025-06-03,MCTR,270.03,32.2791,63251149.0,0.0,2125237.0,0.02,0.04,0.08,0.16,0.4
2025-06-04,MCTR,-63.76,14.6632,8180354.0,280206.0,551793.0,0.12,0.31,0.61,1.22,3.06
2025-06-04,MULN,8.58,17.1869,38750911.0,2004244.0,2027013.0,0.03,0.06,0.13,0.26,0.65
2025-06-06,DIST,-7.89,13.3366,7489.0,0.0,550.0,133.54,333.84,667.68,1335.35,3338.38
2025-06-11,DIST,56.1,18.6532,690623.0,0.0,37560.0,1.45,3.62,7.24,14.48,36.2
2025-06-11,JEM,44.15,121.695,669758.0,13074.0,5537.0,1.49,3.73,7.47,14.93,37.33
2025-06-11,KZIA,-5.95,9.6508,4750860.0,172525.0,491694.0,0.21,0.53,1.05,2.1,5.26
2025-06-12,DIST,74.46,27.93,534391.0,0.0,18958.0,1.87,4.68,9.36,18.71,46.78
2025-06-12,DIST,79.51,27.93,534391.0,0.0,18958.0,1.87,4.68,9.36,18.71,46.78
2025-06-12,LIMN,5.85,20.3191,8313996.0,141855.0,396417.0,0.12,0.3,0.6,1.2,3.01
2025-06-13,OP,75.71,1.7855,19282807.0,627764.0,11488264.0,0.05,0.13,0.26,0.52,1.3
2025-06-17,RBNE,7.82,59.6505,10927114.0,606162.0,174074.0,0.09,0.23,0.46,0.92,2.29
2025-06-25,LIMN,-13.11,25.0722,220623.0,33044.0,8963.0,4.53,11.33,22.66,45.33,113.32
2025-06-27,CTOR,-0.86,4.4439,713313.0,49484.0,163818.0,1.4,3.5,7.01,14.02,35.05
2025-06-27,WFF,-59.2,16.2593,8087414.0,0.0,416676.0,0.12,0.31,0.62,1.24,3.09
2025-06-27,BGL,-25.58,62.8426,74472.0,0.0,1193.0,13.43,33.57,67.14,134.28,335.69
2025-06-27,WFF,-65.05,16.2593,8087414.0,0.0,416676.0,0.12,0.31,0.62,1.24,3.09
2025-06-27,WFF,-74.34,16.2593,8087414.0,0.0,416676.0,0.12,0.31,0.62,1.24,3.09
2025-07-02,BGL,1.88,129.0267,258016.0,0.0,2073.0,3.88,9.69,19.38,38.76,96.89
2025-07-08,PROK,67.83,3.7107,41507477.0,608175.0,9859580.0,0.02,0.06,0.12,0.24,0.6
2025-07-08,PROK,98.51,3.7107,41507477.0,608175.0,9859580.0,0.02,0.06,0.12,0.24,0.6
2025-07-08,PROK,146.15,3.7107,41507477.0,608175.0,9859580.0,0.02,0.06,0.12,0.24,0.6
2025-07-09,CLDI,-23.94,8.4353,5253825.0,188953.0,600724.0,0.19,0.48,0.95,1.9,4.76
2025-07-10,MB,15.11,11.3715,79330.0,19113.0,7133.0,12.61,31.51,63.03,126.06,315.14
2025-07-10,CIGL,-80.38,5.6459,3764698.0,659670.0,886367.0,0.27,0.66,1.33,2.66,6.64
2025-07-11,SDM,9.67,15.8603,254874.0,11998.0,15197.0,3.92,9.81,19.62,39.24,98.09
2025-07-11,EDHL,-6.86,83.4197,4880455.0,230880.0,56488.0,0.2,0.51,1.02,2.05,5.12
2025-07-14,SQFT,-6.05,13.4545,7999640.0,408744.0,591243.0,0.13,0.31,0.63,1.25,3.13
2025-07-14,TROO,44.33,1.7406,10153653.0,382306.0,6021397.0,0.1,0.25,0.49,0.98,2.46
2025-07-14,TROO,43.14,1.7406,10153653.0,382306.0,6021397.0,0.1,0.25,0.49,0.98,2.46
2025-07-14,TROO,32.15,1.7406,10153653.0,382306.0,6021397.0,0.1,0.25,0.49,0.98,2.46
2025-07-14,TROO,10.32,1.7406,10153653.0,382306.0,6021397.0,0.1,0.25,0.49,0.98,2.46
2025-07-15,PCLA,-76.96,23.3415,1886555.0,0.0,99052.0,0.53,1.33,2.65,5.3,13.25
2025-07-21,OPAD,30.18,3.212,4061133.0,70812.0,1253660.0,0.25,0.62,1.23,2.46,6.16
2025-07-21,MFH,-63.74,2.0244,2866904.0,35597.0,1459530.0,0.35,0.87,1.74,3.49,8.72
2025-07-22,PAPL,-10.91,3.6708,72043.0,2236.0,20935.0,13.88,34.7,69.4,138.81,347.02
2025-07-22,PAPL,0.9,3.6708,72043.0,2236.0,20935.0,13.88,34.7,69.4,138.81,347.02
2025-07-24,TLIH,-75.37,1.6459,922745.0,86815.0,539401.0,1.08,2.71,5.42,10.84,27.09
2025-07-24,LHAI,-51.46,5.3666,5491759.0,0.0,1182023.0,0.18,0.46,0.91,1.82,4.55
2025-07-28,CREV,-1.16,5.4513,1231392.0,1503.0,224068.0,0.81,2.03,4.06,8.12,20.3
2025-07-28,PFSA,137.95,142.4056,19433658.0,1327948.0,148216.0,0.05,0.13,0.26,0.51,1.29
2025-07-29,PTHL,-94.75,1.6559,2925418.0,104843.0,1814757.0,0.34,0.85,1.71,3.42,8.55
2025-07-29,PTHL,-94.72,1.6559,2925418.0,104843.0,1814757.0,0.34,0.85,1.71,3.42,8.55
2025-08-15,IROH,-10.73,7.1321,5603.0,0.0,761.0,178.46,446.15,892.31,1784.61,4461.54
2025-08-25,HTCR,39.13,24.738,1385181.0,16026.0,53420.0,0.72,1.8,3.61,7.22,18.05
2025-08-28,SOGP,108.78,13.156,81018221.0,3170025.0,6133324.0,0.01,0.03,0.06,0.12,0.31
2025-08-28,SOGP,86.34,13.156,81018221.0,3170025.0,6133324.0,0.01,0.03,0.06,0.12,0.31
2025-08-28,SOGP,114.6,13.156,81018221.0,3170025.0,6133324.0,0.01,0.03,0.06,0.12,0.31
2025-08-28,SOGP,97.44,13.156,81018221.0,3170025.0,6133324.0,0.01,0.03,0.06,0.12,0.31
2025-09-08,GLXG,0.76,4.0,4990.0,0.0,1218.0,200.4,501.01,1002.02,2004.03,5010.09
2025-09-08,KRKR,27.29,10.0548,1544913.0,0.0,164287.0,0.65,1.62,3.24,6.47,16.18
2025-09-08,CIGL,18.71,5.9651,9241152.0,316401.0,1395946.0,0.11,0.27,0.54,1.08,2.71
2025-09-09,QMMM,1507.31,252.3176,86083705.0,0.0,338030.0,0.01,0.03,0.06,0.12,0.29
2025-09-09,ISPC,13.86,2.2543,12526364.0,462149.0,5299237.0,0.08,0.2,0.4,0.8,2.0
2025-09-09,QMMM,1244.02,252.3176,86083705.0,0.0,338030.0,0.01,0.03,0.06,0.12,0.29
2025-09-09,ISPC,-14.06,2.2543,12526364.0,462149.0,5299237.0,0.08,0.2,0.4,0.8,2.0
2025-09-09,ENGS,30.28,5.8853,171331.0,0.0,29869.0,5.84,14.59,29.18,58.37,145.92
2025-09-09,ISPC,79.44,2.2543,12526364.0,462149.0,5299237.0,0.08,0.2,0.4,0.8,2.0
2025-09-09,QMMM,1308.88,252.3176,86083705.0,0.0,338030.0,0.01,0.03,0.06,0.12,0.29
2025-09-09,QMMM,1044.84,252.3176,86083705.0,0.0,338030.0,0.01,0.03,0.06,0.12,0.29
2025-09-09,QMMM,1236.15,252.3176,86083705.0,0.0,338030.0,0.01,0.03,0.06,0.12,0.29
2025-09-09,QMMM,1389.98,252.3176,86083705.0,0.0,338030.0,0.01,0.03,0.06,0.12,0.29
2025-09-09,ISPC,30.41,2.2543,12526364.0,462149.0,5299237.0,0.08,0.2,0.4,0.8,2.0
2025-09-10,KIDZ,29.55,108.7275,25018061.0,525624.0,206124.0,0.04,0.1,0.2,0.4,1.0
2025-09-11,ZGM,-27.51,3.0524,393721.0,0.0,136084.0,2.54,6.35,12.7,25.4,63.5
2025-09-11,ZGM,-26.19,3.0524,393721.0,0.0,136084.0,2.54,6.35,12.7,25.4,63.5
2025-09-11,ZGM,-26.73,3.0524,393721.0,0.0,136084.0,2.54,6.35,12.7,25.4,63.5
2025-09-18,FBYD,2.81,14.384,165814.0,1707.0,11678.0,6.03,15.08,30.15,60.31,150.77
2025-09-18,BREA,16.8,25.6245,23935369.0,363585.0,886471.0,0.04,0.1,0.21,0.42,1.04
2025-09-19,PLTS,31.31,7.2319,4058311.0,7340.0,608682.0,0.25,0.62,1.23,2.46,6.16
2025-09-22,LNZA,27.08,23.2817,775934.0,2357.0,29400.0,1.29,3.22,6.44,12.89,32.22
2025-09-29,WOLF,-3.88,18.354,25510939.0,12141090.0,1562223.0,0.04,0.1,0.2,0.39,0.98
2025-09-30,CHOW,16.66,6.4139,332964.0,2881.0,49806.0,3.0,7.51,15.02,30.03,75.08
2025-10-06,SPRB,291.32,152.1387,39842889.0,0.0,301550.0,0.03,0.06,0.13,0.25,0.63
2025-10-06,SPRB,342.25,152.1387,39842889.0,0.0,301550.0,0.03,0.06,0.13,0.25,0.63
2025-10-07,NITO,4.25,4.6101,789525.0,15420.0,167835.0,1.27,3.17,6.33,12.67,31.66
2025-10-07,NITO,-0.21,4.6101,789525.0,15420.0,167835.0,1.27,3.17,6.33,12.67,31.66
2025-10-07,NITO,2.33,4.6101,789525.0,15420.0,167835.0,1.27,3.17,6.33,12.67,31.66
2025-10-07,AGRZ,21.69,4.1696,321116.0,13483.0,76510.0,3.11,7.79,15.57,31.14,77.85
2025-10-07,BQ,-62.43,11.8703,516057.0,16835.0,44124.0,1.94,4.84,9.69,19.38,48.44
2025-10-09,BRLS,-14.65,3.2607,4697.0,0.0,1441.0,212.91,532.28,1064.56,2129.13,5322.82
2025-10-13,XCH,50.45,1.7257,4253104.0,82907.0,2505650.0,0.24,0.59,1.18,2.35,5.88
2025-10-13,STI,93.23,21.1676,54733102.0,1736486.0,2457646.0,0.02,0.05,0.09,0.18,0.46
2025-10-13,STI,65.71,21.1676,54733102.0,1736486.0,2457646.0,0.02,0.05,0.09,0.18,0.46
2025-10-17,RANI,-4.76,1.6559,29233751.0,1102982.0,16586790.0,0.03,0.09,0.17,0.34,0.86
2025-10-24,JL,-4.07,6.394,7436.0,0.0,1157.0,134.47,336.18,672.36,1344.72,3361.81
2025-10-29,CMBM,71.23,2.9426,45791231.0,0.0,13234805.0,0.02,0.05,0.11,0.22,0.55
2025-10-29,CMBM,53.7,2.9426,45791231.0,0.0,13234805.0,0.02,0.05,0.11,0.22,0.55
2025-10-29,CMBM,55.74,2.9426,45791231.0,0.0,13234805.0,0.02,0.05,0.11,0.22,0.55
2025-10-29,CMBM,72.23,2.9426,45791231.0,0.0,13234805.0,0.02,0.05,0.11,0.22,0.55
2025-10-29,CMBM,44.0,2.9426,45791231.0,0.0,13234805.0,0.02,0.05,0.11,0.22,0.55
2025-10-29,CMBM,56.28,2.9426,45791231.0,0.0,13234805.0,0.02,0.05,0.11,0.22,0.55
2025-10-29,CMBM,53.3,2.9426,45791231.0,0.0,13234805.0,0.02,0.05,0.11,0.22,0.55
2025-10-30,BQ,102.21,17.6907,5825501.0,269970.0,271828.0,0.17,0.43,0.86,1.72,4.29
2025-10-30,BQ,102.33,17.6907,5825501.0,269970.0,271828.0,0.17,0.43,0.86,1.72,4.29
2025-10-31,APLM,7.93,14.6433,46515.0,0.0,3173.0,21.5,53.75,107.49,214.99,537.47
2025-11-12,LPTX,107.24,2.1865,83573995.0,3332706.0,36722535.0,0.01,0.03,0.06,0.12,0.3
2025-11-19,WSHP,315.77,203.49,627032.0,20604.0,3175.0,1.59,3.99,7.97,15.95,39.87
2025-11-20,SGBX,-49.36,3.9701,7393469.0,514273.0,1954394.0,0.14,0.34,0.68,1.35,3.38
2025-11-20,SGBX,-48.09,3.9701,7393469.0,514273.0,1954394.0,0.14,0.34,0.68,1.35,3.38
2025-11-24,CJET,-53.05,1.2883,728589.0,12494.0,572794.0,1.37,3.43,6.86,13.73,34.31
2025-11-24,INHD,-55.83,11.7186,16076342.0,284363.0,1251120.0,0.06,0.16,0.31,0.62,1.56
2025-11-26,SMX,64.36,75.2513,20370304.0,2921104.0,324606.0,0.05,0.12,0.25,0.49,1.23
2025-11-26,SMX,54.74,75.2513,20370304.0,2921104.0,324606.0,0.05,0.12,0.25,0.49,1.23
2025-11-26,SMX,99.15,75.2513,20370304.0,2921104.0,324606.0,0.05,0.12,0.25,0.49,1.23
2025-12-01,FLYE,86.06,12.9775,8217054.0,0.0,662787.0,0.12,0.3,0.61,1.22,3.04
2025-12-01,FLYE,134.78,12.9775,8217054.0,0.0,662787.0,0.12,0.3,0.61,1.22,3.04
2025-12-01,FLYE,25.13,12.9775,8217054.0,0.0,662787.0,0.12,0.3,0.61,1.22,3.04
2025-12-05,TGL,201.76,26.0814,42182652.0,597892.0,1629224.0,0.02,0.06,0.12,0.24,0.59
2025-12-09,AFJK,524.67,80.7974,15155700.0,777434.0,176965.0,0.07,0.16,0.33,0.66,1.65
2025-12-09,AFJK,402.47,80.7974,15155700.0,777434.0,176965.0,0.07,0.16,0.33,0.66,1.65
2025-12-09,AFJK,334.57,80.7974,15155700.0,777434.0,176965.0,0.07,0.16,0.33,0.66,1.65
2025-12-10,BBGI,117.54,18.5834,43253221.0,1434833.0,2142459.0,0.02,0.06,0.12,0.23,0.58
2025-12-10,BBGI,92.41,18.5834,43253221.0,1434833.0,2142459.0,0.02,0.06,0.12,0.23,0.58
2025-12-10,CHOW,-83.98,1.9352,2177929.0,260284.0,1100840.0,0.46,1.15,2.3,4.59,11.48
2025-12-10,CHOW,-83.95,1.9352,2177929.0,260284.0,1100840.0,0.46,1.15,2.3,4.59,11.48
2025-12-10,BBGI,60.79,18.5834,43253221.0,1434833.0,2142459.0,0.02,0.06,0.12,0.23,0.58
2025-12-16,MGRT,4.82,5.4464,28342.0,0.0,5007.0,35.28,88.21,176.42,352.84,882.09
2025-12-17,PCSA,-23.55,6.0848,9036467.0,569687.0,1548637.0,0.11,0.28,0.55,1.11,2.77
2025-12-17,PCSA,-11.61,6.0848,9036467.0,569687.0,1548637.0,0.11,0.28,0.55,1.11,2.77
2025-12-18,MGRT,-13.44,8.2294,391655.0,4727.0,49826.0,2.55,6.38,12.77,25.53,63.83
2025-12-22,FJET,185.67,28.9973,132673417.0,9563846.0,5088399.0,0.01,0.02,0.04,0.08,0.19
2025-12-22,FJET,153.9,28.9973,132673417.0,9563846.0,5088399.0,0.01,0.02,0.04,0.08,0.19
2025-12-26,ASPC,-14.45,26.1944,6055694.0,42221.0,227879.0,0.17,0.41,0.83,1.65,4.13
2025-12-26,ASPC,-8.45,26.1944,6055694.0,42221.0,227879.0,0.17,0.41,0.83,1.65,4.13
2025-12-26,ASPC,4.26,26.1944,6055694.0,42221.0,227879.0,0.17,0.41,0.83,1.65,4.13
2026-01-08,ERAS,20.72,6.1148,27997911.0,3522841.0,4674223.0,0.04,0.09,0.18,0.36,0.89
2026-01-12,EVTV,51.56,2.2544,86413752.0,6192258.0,39434357.0,0.01,0.03,0.06,0.12,0.29
2026-01-15,MLEC,106.93,7.8404,5192416.0,52838.0,637559.0,0.19,0.48,0.96,1.93,4.81
2026-01-20,SEGG,32.99,1.7918,20178688.0,600317.0,9774966.0,0.05,0.12,0.25,0.5,1.24
2026-01-29,TCGL,834.94,90.6728,8964995.0,0.0,102870.0,0.11,0.28,0.56,1.12,2.79
2026-01-29,NNNN,37.43,28.728,3947494.0,19006.0,110410.0,0.25,0.63,1.27,2.53,6.33
2026-01-29,ANL,70.11,6.5137,3410811.0,0.0,588264.0,0.29,0.73,1.47,2.93,7.33
2026-01-30,ELPW,2606.42,1170.666,5676016.0,0.0,4987.0,0.18,0.44,0.88,1.76,4.4
2026-01-30,ELPW,804.38,1170.666,5676016.0,0.0,4987.0,0.18,0.44,0.88,1.76,4.4
2026-01-30,ELPW,674.5,1170.666,5676016.0,0.0,4987.0,0.18,0.44,0.88,1.76,4.4
2026-02-04,PHOE,-23.79,18.9725,418780.0,26341.0,20558.0,2.39,5.97,11.94,23.88,59.7
2026-02-11,NCI,163.15,2.6434,27571831.0,928880.0,10600997.0,0.04,0.09,0.18,0.36,0.91
2026-02-11,NCI,160.42,2.6434,27571831.0,928880.0,10600997.0,0.04,0.09,0.18,0.36,0.91
2026-02-26,CZR,10.46,24.2891,129972912.0,7523380.0,5398560.0,0.01,0.02,0.04,0.08,0.19
2026-03-03,BRAI,56.24,28.1694,386998.0,0.0,14000.0,2.58,6.46,12.92,25.84,64.6
2026-03-03,BRAI,54.35,28.1694,386998.0,0.0,14000.0,2.58,6.46,12.92,25.84,64.6
2026-03-09,GSIW,258.69,34.9125,5778772.0,671921.0,192421.0,0.17,0.43,0.87,1.73,4.33
2026-03-09,GSIW,224.66,34.9125,5778772.0,671921.0,192421.0,0.17,0.43,0.87,1.73,4.33
2026-03-09,GSIW,224.66,34.9125,5778772.0,671921.0,192421.0,0.17,0.43,0.87,1.73,4.33
2026-03-09,GSIW,131.59,34.9125,5778772.0,671921.0,192421.0,0.17,0.43,0.87,1.73,4.33
2026-03-09,GSIW,105.56,34.9125,5778772.0,671921.0,192421.0,0.17,0.43,0.87,1.73,4.33
2026-03-11,AMCI,0.91,7.3017,3063.0,0.0,435.0,326.48,816.19,1632.39,3264.77,8161.93
2026-03-16,WNW,-61.19,214.4625,17087455.0,593620.0,65239.0,0.06,0.15,0.29,0.59,1.46
2026-03-16,LNZA,10.92,13.3765,307177.0,14222.0,22169.0,3.26,8.14,16.28,32.55,81.39
2026-03-23,VRM,-6.64,12.8079,74603.0,0.0,5507.0,13.4,33.51,67.02,134.04,335.11
2026-03-25,UGRO,139.87,36.2092,48158331.0,0.0,1643752.0,0.02,0.05,0.1,0.21,0.52
2026-03-25,UGRO,140.84,36.2092,48158331.0,0.0,1643752.0,0.02,0.05,0.1,0.21,0.52
2026-03-25,UGRO,169.07,36.2092,48158331.0,0.0,1643752.0,0.02,0.05,0.1,0.21,0.52
2026-03-25,UGRO,220.97,36.2092,48158331.0,0.0,1643752.0,0.02,0.05,0.1,0.21,0.52
2026-03-25,UGRO,226.65,36.2092,48158331.0,0.0,1643752.0,0.02,0.05,0.1,0.21,0.52
2026-03-25,UGRO,281.43,36.2092,48158331.0,0.0,1643752.0,0.02,0.05,0.1,0.21,0.52
2026-03-25,UGRO,310.35,36.2092,48158331.0,0.0,1643752.0,0.02,0.05,0.1,0.21,0.52
2026-03-27,ARTL,-9.35,10.9326,24655620.0,455239.0,2072998.0,0.04,0.1,0.2,0.41,1.01
2026-04-01,SST,63.41,5.2718,7967784.0,276932.0,1506924.0,0.13,0.31,0.63,1.26,3.14
2026-04-09,AFJK,30.77,65.7452,1483826.0,0.0,22587.0,0.67,1.68,3.37,6.74,16.85
2026-04-09,BBGI,84.11,10.9726,36778038.0,0.0,3353689.0,0.03,0.07,0.14,0.27,0.68
2026-04-13,RMSG,55.7,2.3941,65694894.0,1017942.0,27310623.0,0.02,0.04,0.08,0.15,0.38
2026-04-14,SNAL,71.68,1.9152,47449393.0,2143753.0,23896531.0,0.02,0.05,0.11,0.21,0.53
2026-04-16,ONFO,15.09,1.6309,13930308.0,568130.0,8835201.0,0.07,0.18,0.36,0.72,1.79
2026-05-08,ANPA,-12.04,7.0723,32704.0,1411.0,4601.0,30.58,76.44,152.89,305.77,764.44
2026-05-08,ANPA,-16.82,7.0723,32704.0,1411.0,4601.0,30.58,76.44,152.89,305.77,764.44
2026-05-08,ANPA,-25.14,7.0723,32704.0,1411.0,4601.0,30.58,76.44,152.89,305.77,764.44
2026-05-08,AEHL,-38.96,1.2269,25404286.0,1566268.0,21127719.0,0.04,0.1,0.2,0.39,0.98
2026-05-08,STFS,16.17,10.2743,396407.0,2359.0,39230.0,2.52,6.31,12.61,25.23,63.07
2026-05-08,ANPA,-0.89,7.0723,32704.0,1411.0,4601.0,30.58,76.44,152.89,305.77,764.44
2026-05-08,STFS,-9.29,10.2743,396407.0,2359.0,39230.0,2.52,6.31,12.61,25.23,63.07
2026-05-08,STFS,-11.18,10.2743,396407.0,2359.0,39230.0,2.52,6.31,12.61,25.23,63.07
2026-05-08,AEHL,-26.46,1.2269,25404286.0,1566268.0,21127719.0,0.04,0.1,0.2,0.39,0.98
2026-05-08,NEPH,-10.03,3.3815,6457.0,0.0,1843.0,154.87,387.16,774.33,1548.65,3871.63
2026-05-08,PHOE,-38.07,24.7829,298275.0,2484.0,12081.0,3.35,8.38,16.76,33.53,83.82
2026-05-08,STFS,0.52,10.2743,396407.0,2359.0,39230.0,2.52,6.31,12.61,25.23,63.07
2026-05-08,STFS,7.16,10.2743,396407.0,2359.0,39230.0,2.52,6.31,12.61,25.23,63.07
