date,symbol,entry_ts,exit_ts,entry_px,exit_px,shares,position_usd,pnl,ret_pct,equity_after,rvol
2021-04-23,OCGN,2021-04-23 15:00:39,2021-04-23 19:50:00,11.3162,9.6871,4.4184,50.0,-8.2,-14.396,990.8,1.46
2021-04-30,BTX,2021-04-30 15:25:43,2021-04-30 19:50:00,950.127,964.2254,0.0521,49.54,-0.26,1.4838,989.54,1.16
2021-05-04,BLRX,2021-05-04 13:51:55,2021-05-04 19:50:00,235.572,201.0162,0.21,49.48,-8.26,-14.6689,980.28,1.4
2021-05-06,LEDS,2021-05-06 14:18:35,2021-05-06 19:50:00,8.1606,10.0498,6.0062,49.01,10.35,23.1504,988.63,2.34
2021-05-06,LEDS,2021-05-06 15:19:33,2021-05-06 19:50:00,11.2159,10.0498,4.3656,48.96,-6.09,-10.3967,982.54,1.06
2021-05-14,IHT,2021-05-14 15:42:12,2021-05-14 19:50:00,7.5339,6.6533,6.5208,49.13,-6.74,-11.688,974.79,1.66
2021-06-07,HOOK,2021-06-07 15:48:25,2021-06-07 19:50:00,180.5985,127.1813,0.2699,48.74,-15.42,-29.5779,958.38,3.15
2021-07-08,LMFA,2021-07-08 13:55:38,2021-07-08 19:50:00,25.3863,32.8576,1.8876,47.92,13.1,29.4306,967.48,4.18
2021-07-08,COHN,2021-07-08 14:01:13,2021-07-08 19:50:00,26.13,27.0821,1.832,47.87,0.74,3.6438,968.22,1.03
2021-07-08,MITQ,2021-07-08 15:22:03,2021-07-08 19:50:00,19.9358,21.7454,2.3986,47.82,3.34,9.0772,971.57,3.82
2021-07-08,MITQ,2021-07-08 15:42:19,2021-07-08 19:50:00,18.09,21.7454,2.6406,47.77,8.65,20.2067,980.22,1.12
2021-07-09,MTSL,2021-07-09 14:28:18,2021-07-09 19:50:00,7.5777,9.0573,6.4678,49.01,8.57,19.5257,987.79,2.76
2021-07-12,MDIA,2021-07-12 13:50:57,2021-07-12 19:50:00,5.0353,15.576,9.8087,49.39,102.39,209.3384,1089.18,2.18
2021-07-20,NURO,2021-07-20 14:41:03,2021-07-20 19:50:00,35.6172,83.7102,1.529,54.46,72.53,135.0275,1159.71,1.94
2021-07-20,NURO,2021-07-20 15:19:44,2021-07-20 19:50:00,42.8532,83.7102,1.2697,54.41,50.87,95.3418,1210.59,2.22
2021-07-22,IPA,2021-07-22 14:37:14,2021-07-22 19:50:00,9.1164,13.4264,6.6396,60.53,27.62,47.2776,1237.2,1.6
2021-07-26,PRFX,2021-07-26 14:13:19,2021-07-26 19:50:00,4667.0994,4009.95,0.0133,61.86,-9.71,-14.0805,1226.49,7.06
2021-08-10,SCPE,2021-08-10 15:56:38,2021-08-10 19:50:00,11.8992,14.4214,5.1537,61.32,12.0,21.196,1237.49,1.37
2021-08-12,FRLN,2021-08-12 14:54:03,2021-08-12 19:50:00,57.1342,58.3538,1.083,61.87,0.32,2.1344,1236.81,1.34
2021-08-13,SESN,2021-08-13 15:47:21,2021-08-13 19:50:00,119.394,41.895,0.518,61.84,-41.14,-64.9103,1193.67,1.1
2021-08-13,GRNVU,2021-08-13 15:49:24,2021-08-13 19:50:00,17.6378,18.1645,3.5033,61.79,0.85,2.9864,1194.52,40.41
2021-08-17,VRPX,2021-08-17 13:42:53,2021-08-17 19:50:00,2077.335,3678.2563,0.0288,59.73,45.03,77.0661,1238.55,7.14
2021-08-26,TSRI,2021-08-26 15:59:32,2021-08-26 19:50:00,10.261,10.0349,6.0352,61.93,-2.37,-2.2045,1235.18,3.04
2021-08-27,SPRT,2021-08-27 15:19:39,2021-08-27 19:50:00,40.8619,30.2542,1.5114,61.76,-17.03,-25.9599,1217.15,2.26
2021-09-07,NMTC,2021-09-07 14:21:33,2021-09-07 19:50:00,35.6976,31.5404,1.7048,60.86,-8.09,-11.6457,1207.06,14.97
2021-09-07,NMTC,2021-09-07 14:34:18,2021-09-07 19:50:00,37.714,31.5404,1.6123,60.81,-10.95,-16.3697,1196.11,1.94
2021-09-13,TMC,2021-09-13 14:00:30,2021-09-13 19:50:00,9.8491,12.349,6.0722,59.81,14.18,25.3815,1209.29,2.34
2021-09-15,INDP,2021-09-15 13:49:13,2021-09-15 19:50:00,408.5956,303.0405,0.148,60.46,-16.62,-25.8336,1191.67,1.59
2021-09-23,RHE,2021-09-23 15:36:01,2021-09-23 19:50:00,8.9847,10.2144,6.6316,59.58,7.15,13.6866,1197.82,2.82
2021-09-29,CEI,2021-09-29 15:27:59,2021-09-29 19:50:00,190.0103,169.0713,0.3152,59.89,-7.6,-11.02,1189.22,1.38
2021-10-26,BIMI,2021-10-26 14:07:27,2021-10-26 19:50:00,34.2253,103.74,1.7373,59.46,119.77,203.1093,1307.99,1.48
2021-10-29,BTBT,2021-10-29 15:55:17,2021-10-29 19:50:00,10.3001,9.7955,6.3494,65.4,-4.2,-4.8999,1302.79,1.27
2021-11-18,LGVN,2021-11-18 14:42:42,2021-11-18 20:50:00,45.426,71.8699,1.434,65.14,36.92,58.2131,1338.71,2.08
2021-11-24,LGVN,2021-11-24 15:40:53,2021-11-24 20:50:00,261.301,417.6533,0.2562,66.94,39.05,59.8361,1376.76,1.19
2021-12-06,IMPP,2021-12-06 15:15:40,2021-12-06 20:50:00,47.1848,95.7555,1.4589,68.84,69.86,102.9374,1445.62,3.94
2021-12-13,SEAC,2021-12-13 14:41:30,2021-12-13 20:50:00,15.7785,32.1195,4.581,72.28,73.86,103.565,1518.48,1.97
2021-12-21,ALLR,2021-12-21 14:53:15,2021-12-21 20:50:00,14832594.0,8797950.0,0.0,75.92,-31.89,-40.685,1484.59,6.9
2021-12-21,ISPC,2021-12-21 15:15:45,2021-12-21 20:50:00,221.1,282.093,0.3432,75.87,19.93,27.5862,1504.52,1.11
2021-12-22,ENSC,2021-12-22 15:06:05,2021-12-22 20:50:00,11324.34,18673.2,0.0066,75.23,47.82,64.8944,1549.33,1.18
2021-12-22,ENSC,2021-12-22 15:14:29,2021-12-22 20:50:00,11107.26,18673.2,0.0068,75.18,50.21,68.1171,1599.54,2.42
2021-12-22,ENSC,2021-12-22 15:41:01,2021-12-22 20:50:00,11597.8608,18673.2,0.0065,75.13,44.83,61.0056,1644.37,4.66
2022-04-12,LIXT,2022-04-12 13:53:41,2022-04-12 19:50:00,41.808,19.152,1.9666,82.22,-45.55,-54.1906,1597.82,1.57
2022-04-21,SWVL,2022-04-21 15:32:28,2022-04-21 19:50:00,188.4375,154.1836,0.424,79.89,-15.52,-18.1779,1581.3,2.71
2022-04-27,OST,2022-04-27 15:16:47,2022-04-27 19:50:00,5502.375,8069.0019,0.0144,79.06,35.88,46.6458,1615.18,4.39
2022-04-27,OST,2022-04-27 15:22:03,2022-04-27 19:50:00,5273.7375,8069.0019,0.015,79.01,40.88,53.0035,1656.06,5.69
2022-05-02,CETXP,2022-05-02 15:40:07,2022-05-02 19:50:00,1.5642,0.9997,52.9368,82.8,-30.88,-36.0884,1623.17,32.81
2022-05-02,SOUN,2022-05-02 15:59:37,2022-05-02 19:50:00,11.0085,9.2668,7.5172,82.75,-14.09,-15.8214,1609.08,1.16
2022-05-10,BWV,2022-05-10 13:55:51,2022-05-10 19:50:00,4.9798,5.0183,16.1562,80.45,-0.38,0.7741,1607.71,3.28
2022-05-11,PEAR,2022-05-11 16:00:33,2022-05-11 19:50:00,4.4622,4.4489,18.0147,80.39,-1.24,-0.2992,1605.46,1.53
2022-05-18,BGXX,2022-05-18 15:45:29,2022-05-18 19:50:00,29.4465,48.5683,2.7244,80.22,51.09,64.9373,1746.94,2.21
2022-05-18,BGXX,2022-05-18 15:16:05,2022-05-18 19:50:00,22.4517,48.5683,3.5754,80.27,92.38,116.3234,1695.84,1.2
2022-05-25,ENOB,2022-05-25 14:07:03,2022-05-25 19:50:00,6.0149,3.5511,14.5217,87.35,-36.78,-40.9619,1709.16,6.72
2022-06-10,AFRI,2022-06-10 14:51:17,2022-06-10 19:50:00,11.055,8.8478,7.7302,85.46,-18.06,-19.9654,1690.1,3.24
2022-06-13,BLTE,2022-06-13 13:55:28,2022-06-13 19:50:00,19.7985,22.5933,4.2682,84.5,10.93,14.1161,1700.02,1.11
2022-06-22,PEV,2022-06-22 15:40:01,2022-06-22 19:50:00,5.5878,5.586,15.2119,85.0,-1.03,-0.0322,1698.0,1.07
2022-07-14,GRRR,2022-07-14 15:58:55,2022-07-14 19:50:00,268.8375,274.3125,0.3158,84.9,0.73,2.0365,1697.73,5.16
2022-07-20,NEWR,2022-07-20 15:07:44,2022-07-20 19:50:00,54.7624,61.3263,1.5501,84.89,9.17,11.986,1705.9,2.25
2022-07-21,ADXN,2022-07-21 14:53:37,2022-07-21 19:50:00,44.421,41.6955,1.9202,85.29,-6.23,-6.1356,1698.67,1.64
2022-07-22,HKD,2022-07-22 15:21:13,2022-07-22 19:50:00,24.1099,62.0924,3.5228,84.93,132.8,157.5384,1830.47,1.18
2022-07-29,MGAM,2022-07-29 14:41:04,2022-07-29 19:50:00,4.8441,10.3341,18.8938,91.52,102.73,113.3337,1932.2,17.23
2022-08-01,LTRPB,2022-08-01 14:14:43,2022-08-01 19:50:00,23.9183,59.0919,4.0392,96.61,141.07,147.0573,2069.27,2.91
2022-08-01,LTRPB,2022-08-01 14:53:15,2022-08-01 19:50:00,22.9624,59.0919,4.2051,96.56,150.93,157.3415,2220.2,1.2
2022-08-01,LTRPB,2022-08-01 15:02:57,2022-08-01 19:50:00,23.042,59.0919,4.1884,96.51,149.99,156.4526,2370.19,1.32
2022-08-01,QRTEB,2022-08-01 15:59:39,2022-08-01 19:50:00,4.819,20.4488,20.0167,96.46,311.86,324.3382,2682.04,5.17
2022-08-02,APDN,2022-08-02 14:30:26,2022-08-02 19:50:00,2150.7,3301.725,0.0623,134.05,70.74,53.5186,2858.44,1.95
2022-08-02,APDN,2022-08-02 14:40:39,2022-08-02 19:50:00,2326.575,3301.725,0.0576,134.0,55.17,41.9135,2913.61,1.97
2022-08-02,APDN,2022-08-02 13:51:38,2022-08-02 19:50:00,1809.0,3301.725,0.0741,134.1,109.66,82.5166,2787.7,4.55
2022-08-02,APDN,2022-08-02 14:47:42,2022-08-02 19:50:00,2080.35,3301.725,0.0644,133.95,77.64,58.7101,2991.25,1.37
2022-08-04,APDN,2022-08-04 15:03:06,2022-08-04 19:50:00,4190.7495,6014.925,0.0357,149.56,64.1,43.5286,3054.36,1.25
2022-08-09,MTC,2022-08-09 14:47:17,2022-08-09 19:50:00,25.0044,23.2984,6.1076,152.72,-11.42,-6.8228,3041.94,1.91
2022-08-10,BCAB,2022-08-10 14:25:56,2022-08-10 19:50:00,272.355,352.4417,0.5585,152.1,43.72,29.4053,3083.66,4.17
2022-08-10,ARTL,2022-08-10 15:06:46,2022-08-10 19:50:00,67.8393,72.1593,2.2413,152.05,8.68,6.368,3092.34,2.55
2022-08-11,HSCS,2022-08-11 13:56:19,2022-08-11 19:50:00,328.635,317.6439,0.4705,154.62,-6.17,-3.3445,3085.17,1.07
2022-08-12,IMV,2022-08-12 14:35:57,2022-08-12 19:50:00,6.1305,7.7296,25.1625,154.26,39.24,26.0848,3123.41,14.92
2022-08-16,BBBY,2022-08-16 14:36:41,2022-08-16 19:50:00,17.9529,18.0004,8.6989,156.17,-0.59,0.2644,3121.82,2.77
2022-08-19,GCT,2022-08-19 15:10:09,2022-08-19 19:50:00,43.1546,54.5633,3.617,156.09,40.27,26.4367,3159.09,2.45
2022-08-19,GCT,2022-08-19 15:18:44,2022-08-19 19:50:00,48.7927,54.5633,3.198,156.04,17.45,11.8266,3176.54,2.92
2022-08-19,GCT,2022-08-19 15:57:25,2022-08-19 19:50:00,48.8532,54.5633,3.1931,155.99,17.23,11.6883,3193.77,1.74
2022-09-01,PIXY,2022-09-01 14:44:07,2022-09-01 19:50:00,10951.686,7666.785,0.0146,159.69,-48.9,-29.9945,3143.88,3.04
2022-09-14,HKD,2022-09-14 15:46:06,2022-09-14 19:50:00,60.907,214.4625,2.5751,156.84,394.43,252.1146,6467.77,1.18
2022-09-14,HKD,2022-09-14 14:46:55,2022-09-14 19:50:00,71.8575,214.4625,2.1841,156.94,310.46,198.4553,5682.4,47.75
2022-09-14,HKD,2022-09-14 14:38:01,2022-09-14 19:50:00,70.35,214.4625,2.2316,156.99,320.6,204.8507,5371.94,3.77
2022-09-14,HKD,2022-09-14 15:03:38,2022-09-14 19:50:00,61.3077,214.4625,2.5591,156.89,390.94,249.8132,6073.34,1.67
2022-09-14,HKD,2022-09-14 14:23:41,2022-09-14 19:50:00,51.7474,214.4625,3.0358,157.09,492.97,314.4407,4644.62,4.1
2022-09-14,HKD,2022-09-14 14:18:08,2022-09-14 19:50:00,51.3671,214.4625,3.0592,157.14,497.95,317.5098,4151.66,1.37
2022-09-14,HKD,2022-09-14 14:32:31,2022-09-14 19:50:00,59.6367,214.4625,2.6333,157.04,406.71,259.615,5051.33,4.81
2022-09-14,HKD,2022-09-14 14:00:37,2022-09-14 19:50:00,49.8681,214.4625,3.1522,157.19,517.83,330.0595,3653.71,1.75
2022-09-15,HKD,2022-09-15 14:05:42,2022-09-15 19:50:00,320.2705,116.7075,1.0097,323.39,-206.54,-63.5597,6259.22,1.12
2022-09-15,HKD,2022-09-15 15:29:52,2022-09-15 19:50:00,341.7,116.7075,0.9463,323.34,-213.9,-65.845,6045.32,1.48
2022-09-27,R,2022-09-27 14:51:19,2022-09-27 19:50:00,68.6666,75.7601,4.4019,302.27,30.23,10.3303,6074.55,1.06
2022-09-28,PEPG,2022-09-28 14:50:55,2022-09-28 19:50:00,8.2008,10.5,37.0363,303.73,84.15,28.0361,6157.7,9.58
2022-10-05,CNTQ,2022-10-05 14:56:51,2022-10-05 19:50:00,13.8388,22.8926,22.2479,307.88,200.43,65.4229,6357.13,1.77
2022-10-14,GEHI,2022-10-14 14:12:28,2022-10-14 19:50:00,11.5575,8.9775,27.5022,317.86,-71.96,-22.3232,6284.17,1.22
2022-10-25,DUO,2022-10-25 14:54:32,2022-10-25 19:50:00,209.241,340.1395,1.5017,314.21,195.56,62.5587,6478.74,1.06
2022-10-28,BHSE,2022-10-28 15:44:03,2022-10-28 19:50:00,17.9091,11.9401,18.0878,323.94,-108.97,-33.3296,6368.77,3.34
2022-11-03,HUDI,2022-11-03 15:33:31,2022-11-03 19:50:00,56.893,87.1516,5.5971,318.44,168.36,53.1849,6535.13,4.0
2022-11-03,HUDI,2022-11-03 15:44:03,2022-11-03 19:50:00,48.6102,87.1516,6.5498,318.39,251.44,79.2864,6786.57,1.75
2022-11-11,PIXY,2022-11-11 15:54:34,2022-11-11 20:50:00,4401.297,6176.52,0.0771,339.33,135.87,40.3341,6921.43,3.06
2022-12-09,AMAM,2022-12-09 14:43:43,2022-12-09 20:50:00,1.407,4.439,245.9643,346.07,744.53,215.4922,7662.73,1.93
2022-12-09,AMAM,2022-12-09 15:02:28,2022-12-09 20:50:00,1.819,4.439,190.2148,346.01,497.35,144.0271,8160.08,1.62
2022-12-09,AMAM,2022-12-09 15:30:26,2022-12-09 20:50:00,2.613,4.439,132.3996,345.96,240.76,69.8804,8400.84,1.52
2022-12-15,LANV,2022-12-15 15:47:45,2022-12-15 20:50:00,15.5775,7.3516,26.9647,420.04,-222.81,-52.8065,8177.03,2.4
2022-12-21,SINT,2022-12-21 15:14:07,2022-12-21 20:50:00,2627.07,2384.025,0.1556,408.85,-38.83,-9.2516,8137.2,2.38
2023-01-03,JSPR,2023-01-03 14:56:00,2023-01-03 20:50:00,21.6075,28.4687,18.8296,406.86,128.19,31.7536,8262.4,2.13
2023-01-03,JSPR,2023-01-03 15:16:37,2023-01-03 20:50:00,18.09,28.4687,22.4881,406.81,232.4,57.3723,8494.79,7.76
2023-01-03,NUZE,2023-01-03 15:59:13,2023-01-03 20:50:00,10.3869,9.5511,39.161,406.76,-33.73,-8.0468,8461.06,34.51
2023-01-19,GNS,2023-01-19 15:25:34,2023-01-19 20:50:00,10.6028,20.6483,39.9003,423.05,399.82,94.7443,8859.88,2.7
2023-01-20,COSM,2023-01-20 14:59:11,2023-01-20 20:50:00,3.7135,5.2979,119.2937,442.99,188.01,42.6675,9046.9,2.23
2023-01-24,GNS,2023-01-24 15:10:18,2023-01-24 20:50:00,52.059,44.8865,8.6891,452.34,-63.32,-13.7776,8982.57,1.89
2023-02-03,KAL,2023-02-03 15:58:56,2023-02-03 20:50:00,6.834,7.9412,65.7197,449.13,71.76,16.2013,9053.34,10.51
2023-02-06,SNES,2023-02-06 15:01:43,2023-02-06 20:50:00,642.798,575.757,0.7042,452.67,-48.21,-10.4296,9004.13,21.54
2023-02-16,LUNR,2023-02-16 15:20:18,2023-02-16 20:50:00,17.0548,41.8949,26.3976,450.21,654.72,145.648,9657.84,1.23
2023-02-23,AMAM,2023-02-23 15:15:58,2023-02-23 20:50:00,5.8893,6.4342,81.9948,482.89,43.68,9.2519,9700.52,4.12
2023-03-06,GNLX,2023-03-06 15:48:34,2023-03-06 20:50:00,19.8839,30.1544,24.3929,485.03,249.53,51.6523,9949.05,1.94
2023-03-14,AMBI,2023-03-14 14:06:43,2023-03-14 19:50:00,8.3415,13.8353,59.6358,497.45,326.63,65.8614,10274.68,20.0
2023-03-16,AUVIP,2023-03-16 15:37:29,2023-03-16 19:50:00,19.6176,22.3141,26.1874,513.73,69.61,13.7452,10343.29,8.5
2023-03-22,BAOS,2023-03-22 14:01:39,2023-03-22 19:50:00,4.9747,3.3516,103.9579,517.16,-169.74,-32.6278,10171.55,3.62
2023-03-22,ZURA,2023-03-22 15:47:22,2023-03-22 19:50:00,15.3262,30.8327,33.7404,517.11,522.2,101.1759,10693.75,2.6
2023-04-13,PKST,2023-04-13 15:48:23,2023-04-13 19:50:00,14.3815,10.8029,37.1787,534.69,-134.05,-24.8834,10558.7,1.93
2023-04-14,CNSP,2023-04-14 15:53:20,2023-04-14 19:50:00,47938.5,84388.5,0.011,527.78,400.3,76.0349,14481.24,10.39
2023-04-14,CNSP,2023-04-14 15:42:05,2023-04-14 19:50:00,36029.25,84388.5,0.0147,527.83,707.47,134.2222,14080.93,51.68
2023-04-14,CNSP,2023-04-14 15:18:54,2023-04-14 19:50:00,21711.015,84388.5,0.0243,527.93,1523.09,288.6898,12077.79,8.03
2023-04-14,CNSP,2023-04-14 15:31:09,2023-04-14 19:50:00,24415.47,84388.5,0.0216,527.88,1295.67,245.6354,13373.46,1.59
2023-04-25,CNTG,2023-04-25 13:54:49,2023-04-25 19:50:00,1.2864,1.586,562.859,724.06,165.83,23.2917,14644.25,1.61
2023-05-01,BAOS,2023-05-01 14:13:07,2023-05-01 19:50:00,4.824,13.7655,151.7854,732.21,1356.19,185.3545,15983.92,5.45
2023-05-01,BAOS,2023-05-01 14:24:23,2023-05-01 19:50:00,4.9144,13.7655,148.9816,732.16,1317.64,180.1026,17301.57,1.42
2023-05-01,BAOS,2023-05-01 14:33:52,2023-05-01 19:50:00,4.824,13.7655,151.7646,732.11,1356.0,185.3545,18657.57,2.66
2023-05-01,BNSO,2023-05-01 15:07:53,2023-05-01 19:50:00,3.7486,3.9601,195.287,732.06,40.29,5.64,18697.86,7.05
2023-05-01,BAOS,2023-05-01 15:11:03,2023-05-01 19:50:00,4.6984,13.7655,155.8012,732.01,1411.67,192.9843,20109.53,1.34
2023-05-01,UTME,2023-05-01 15:25:26,2023-05-01 19:50:00,1.0854,2.1546,674.3713,731.96,717.67,98.5075,20827.19,9.83
2023-05-01,BAOS,2023-05-01 15:25:42,2023-05-01 19:50:00,4.4485,13.7655,164.5024,731.79,1531.66,209.4392,22358.86,2.9
2023-05-01,UTME,2023-05-01 15:28:41,2023-05-01 19:50:00,1.216,2.1546,601.7385,731.74,561.75,77.1802,22920.61,1.32
2023-05-01,UTME,2023-05-01 15:34:20,2023-05-01 19:50:00,1.1658,2.1546,627.5464,731.59,617.38,84.8173,23537.99,1.96
2023-05-01,BAOS,2023-05-01 15:35:08,2023-05-01 19:50:00,4.432,13.7655,165.0335,731.44,1539.33,210.5899,25077.32,1.37
2023-05-03,KRBP,2023-05-03 15:12:15,2023-05-03 19:50:00,6.3566,5.3167,197.2534,1253.87,-206.13,-16.3601,24870.19,2.88
2023-05-08,OMH,2023-05-08 15:15:10,2023-05-08 19:50:00,69.8475,265.335,17.8003,1243.31,3478.74,279.8776,34727.87,22.99
2023-05-08,TRVN,2023-05-08 14:23:22,2023-05-08 19:50:00,44.7727,73.0669,27.7705,1243.36,784.74,63.195,31249.13,4.47
2023-05-08,TRVN,2023-05-08 13:52:47,2023-05-08 19:50:00,29.8987,73.0669,41.589,1243.46,1794.32,144.381,29405.61,1.47
2023-05-08,TRVN,2023-05-08 13:58:53,2023-05-08 19:50:00,39.4462,73.0669,31.5216,1243.41,1058.78,85.2315,30464.39,1.19
2023-05-08,TRVN,2023-05-08 13:42:16,2023-05-08 19:50:00,22.7683,73.0669,54.6159,1243.51,2746.1,220.9153,27611.29,1.09
2023-05-09,CUEN,2023-05-09 13:57:11,2023-05-09 19:50:00,5.9697,6.9177,290.8678,1736.39,274.28,15.8796,34999.7,11.02
2023-05-09,SFWL,2023-05-09 14:46:48,2023-05-09 19:50:00,10.261,9.4763,169.2147,1736.32,-133.8,-7.6483,34865.9,10.21
2023-05-11,IZM,2023-05-11 14:18:56,2023-05-11 19:50:00,3.3064,2.5686,527.2406,1743.29,-391.68,-22.3166,34471.58,1.11
2023-05-15,ELOX,2023-05-15 15:45:41,2023-05-15 19:50:00,4.0903,10.4339,421.3769,1723.58,2670.9,155.0845,37140.37,5.86
2023-05-16,CYCN,2023-05-16 14:24:27,2023-05-16 19:50:00,4.3516,5.2668,426.7389,1857.02,388.4,21.03,37526.63,1.08
2023-05-18,PHIO,2023-05-18 13:57:55,2023-05-18 19:50:00,32.562,43.0471,57.6234,1876.33,603.19,32.2005,38128.82,1.91
2023-05-25,SDA,2023-05-25 15:45:04,2023-05-25 19:50:00,10.6128,14.5934,179.6313,1906.39,714.04,37.5078,39569.91,1.64
2023-05-25,SDA,2023-05-25 15:24:41,2023-05-25 19:50:00,10.5525,14.5934,180.6625,1906.44,729.04,38.2935,38855.86,2.08
2023-06-09,AHI,2023-06-09 15:01:17,2023-06-09 19:50:00,4.1406,8.778,477.8282,1978.5,2213.49,111.9983,41776.03,2.02
2023-06-09,AHI,2023-06-09 15:12:09,2023-06-09 19:50:00,5.2264,8.778,378.535,1978.38,1342.51,67.9549,43118.54,2.31
2023-06-09,AHI,2023-06-09 15:20:12,2023-06-09 19:50:00,6.03,8.778,328.0732,1978.28,899.9,45.5721,44018.45,2.28
2023-06-09,AHI,2023-06-09 15:34:55,2023-06-09 19:50:00,6.834,8.778,289.4643,1978.2,561.27,28.446,44579.72,2.04
2023-07-10,GLTA.U,2023-07-10 15:25:45,2023-07-10 19:50:00,14.7132,13.3665,151.4957,2228.99,-205.02,-9.153,44373.7,4.7
2023-07-13,EDTX,2023-07-13 15:18:04,2023-07-13 19:50:00,32.4012,43.112,68.4708,2218.53,732.37,33.0566,48799.65,7.18
2023-07-13,GGAA,2023-07-13 15:18:00,2023-07-13 19:50:00,13.2409,21.5161,167.5558,2218.58,1385.56,62.4974,48067.28,1.58
2023-07-13,EDTXU,2023-07-13 15:15:18,2023-07-13 19:50:00,28.4917,38.4039,77.8694,2218.63,770.86,34.7897,46681.72,1.23
2023-07-13,GGAA,2023-07-13 14:37:15,2023-07-13 19:50:00,12.6933,21.5161,174.7925,2218.68,1541.16,69.508,45910.86,28.65
2023-07-14,PRFX,2023-07-14 14:19:20,2023-07-14 19:50:00,1394.136,1085.667,1.7502,2439.98,-540.87,-22.1262,48255.38,1.59
2023-07-14,FRLN,2023-07-14 14:24:27,2023-07-14 19:50:00,5.0853,5.8154,479.8011,2439.93,347.92,14.3576,48603.29,1.2
2023-07-25,AURC,2023-07-25 15:28:05,2023-07-25 19:50:00,27.0546,35.8402,89.8245,2430.16,788.16,32.4735,49390.45,1.96
2023-08-01,CTNT,2023-08-01 15:58:06,2023-08-01 19:50:00,64.4969,88.803,38.289,2469.52,929.66,37.6858,50319.11,2.02
2023-08-08,BIOL,2023-08-08 15:37:50,2023-08-08 19:50:00,5.8893,6.9626,427.2079,2515.96,456.36,18.2237,50773.34,14.04
2023-08-14,TSHA,2023-08-14 15:22:08,2023-08-14 19:50:00,1.5678,2.01,1619.2544,2538.67,707.88,28.2027,51473.12,1.13
2023-08-15,SRM,2023-08-15 15:14:35,2023-08-15 19:50:00,3.8994,4.9252,660.0133,2573.66,673.71,26.3055,52139.13,1.76
2023-08-15,SRM,2023-08-15 15:20:19,2023-08-15 19:50:00,3.7766,4.9252,681.4327,2573.49,779.26,30.4128,52918.39,3.15
2023-08-15,SPGC,2023-08-15 15:56:23,2023-08-15 19:50:00,2179.845,6912.675,1.1805,2573.32,5586.14,217.1177,58504.53,4.52
2023-08-16,BAOS,2023-08-16 14:27:40,2023-08-16 19:50:00,6.5325,7.99,447.7958,2925.23,650.41,22.3111,59151.7,13.35
2023-08-16,DBGI,2023-08-16 15:29:17,2023-08-16 19:50:00,579.1312,974.4328,5.0509,2925.11,1995.62,68.2577,61147.31,1.83
2023-08-28,FLAG.U,2023-08-28 14:42:09,2023-08-28 19:50:00,8.2108,9.975,372.3568,3057.37,655.03,21.4856,61798.62,3.09
2023-08-28,FLAG.U,2023-08-28 14:50:40,2023-08-28 19:50:00,8.1907,9.975,373.2592,3057.27,664.12,21.7837,62462.74,1.19
2023-08-31,ADTX,2023-08-31 15:53:47,2023-08-31 19:50:00,109930920.0,441852600.0,0.0,3122.81,9427.91,301.9366,84569.42,2.47
2023-08-31,ADTX,2023-08-31 14:59:39,2023-08-31 19:50:00,93857384.16,441852600.0,0.0,3122.86,11577.64,370.7702,75141.51,13.64
2023-08-31,SQL,2023-08-31 14:03:15,2023-08-31 19:50:00,17.1855,21.0221,181.7178,3122.91,696.18,22.3247,63563.87,4.39
2023-08-31,DMS,2023-08-31 14:01:47,2023-08-31 19:50:00,3.4672,3.9302,900.7533,3123.14,412.45,13.3506,62867.69,7.46
2023-09-01,ADTX,2023-09-01 13:56:02,2023-09-01 19:50:00,271829184.0,403618824.0,0.0,4228.47,2049.07,48.4825,86616.49,1.2
2023-09-01,ADTX,2023-09-01 15:10:10,2023-09-01 19:50:00,239467701.6,403618824.0,0.0,4228.42,2897.51,68.5483,89514.01,1.02
2023-09-05,DBGI,2023-09-05 14:49:09,2023-09-05 19:50:00,619.5825,770.0301,7.2237,4475.7,1085.79,24.2821,90598.8,3.32
2023-09-06,HKIT,2023-09-06 14:04:22,2023-09-06 19:50:00,1537.65,205.485,2.946,4529.94,-3925.58,-86.6364,86671.22,3.25
2023-09-06,HKIT,2023-09-06 14:48:03,2023-09-06 19:50:00,1533.8159,205.485,2.9533,4529.89,-3924.02,-86.603,82747.2,1.82
2023-09-18,DTOC,2023-09-18 14:54:33,2023-09-18 19:50:00,10.864,29.6258,380.8304,4137.36,7143.12,172.6953,89888.42,29.88
2023-09-27,CMCT,2023-09-27 15:44:02,2023-09-27 19:50:00,100731.5101,107557.7121,0.0446,4494.42,303.57,6.7766,90190.99,1.04
2023-10-02,MNTS,2023-10-02 14:26:20,2023-10-02 19:50:00,820.0038,489.8266,5.4994,4509.55,-1816.78,-40.2653,88373.2,2.48
2023-10-05,MRTX,2023-10-05 14:30:21,2023-10-05 19:50:00,46.1697,61.6618,95.7048,4418.66,1481.66,33.5546,89853.87,1.38
2023-10-06,ALXO,2023-10-06 15:01:53,2023-10-06 19:50:00,7.0852,8.3192,634.091,4492.69,779.23,17.4151,90629.93,2.48
2023-10-11,TPST,2023-10-11 15:39:10,2023-10-11 19:50:00,19.2055,60.1044,235.9157,4530.89,9647.49,212.9531,209792.19,1.64
2023-10-11,TPST,2023-10-11 15:18:11,2023-10-11 19:50:00,18.9443,60.1044,239.1728,4530.95,9843.18,217.2697,200144.7,1.0
2023-10-11,TPST,2023-10-11 15:12:10,2023-10-11 19:50:00,19.7281,60.1044,229.6722,4531.01,9272.14,204.6629,190301.51,1.2
2023-10-11,TPST,2023-10-11 14:44:18,2023-10-11 19:50:00,14.0122,60.1044,323.3722,4531.16,14903.3,328.9427,168344.71,1.05
2023-10-11,TPST,2023-10-11 14:54:46,2023-10-11 19:50:00,15.8178,60.1044,286.4545,4531.08,12684.65,279.9794,181029.37,2.07
2023-10-11,TPST,2023-10-11 14:30:36,2023-10-11 19:50:00,12.1504,60.1044,372.9357,4531.34,17881.86,394.6678,138020.67,1.5
2023-10-11,TPST,2023-10-11 14:20:33,2023-10-11 19:50:00,13.065,60.1044,346.8368,4531.42,16313.25,360.041,120138.81,2.54
2023-10-11,TPST,2023-10-11 13:52:07,2023-10-11 19:50:00,15.3514,60.1044,295.1851,4531.5,13208.94,291.5243,103825.56,1.82
2023-10-11,TPST,2023-10-11 14:38:51,2023-10-11 19:50:00,13.649,60.1044,331.9834,4531.24,15420.75,340.3571,153441.41,1.06
2023-10-12,OPGN,2023-10-12 13:48:13,2023-10-12 19:50:00,21.105,9.177,497.0201,10489.61,-5930.94,-56.5174,203834.71,1.73
2023-10-12,SECO,2023-10-12 13:53:03,2023-10-12 19:50:00,2.1808,0.9299,4809.8151,10489.49,-6041.03,-57.3621,197793.68,6.44
2023-10-19,BFRI,2023-10-19 14:46:04,2023-10-19 19:50:00,5.5426,5.0975,1784.3122,9889.68,-803.03,-8.0297,196981.73,1.27
2023-10-24,FRBN,2023-10-24 15:04:45,2023-10-24 19:50:00,10.7535,20.2193,915.8959,9849.09,8665.13,88.0255,205642.28,4.11
2023-10-26,FBYDP,2023-10-26 15:41:19,2023-10-26 19:50:00,17.487,14.9725,587.9862,10282.11,-1481.45,-14.3794,204157.89,1.76
2023-10-27,FRBNU,2023-10-27 14:07:20,2023-10-27 19:50:00,22.4115,27.93,455.4757,10207.89,2511.27,24.6235,206663.32,1.98
2023-10-27,FRBNU,2023-10-27 14:12:49,2023-10-27 19:50:00,22.6124,27.93,451.424,10207.78,2398.24,23.5163,209061.56,3.91
2023-10-27,FRBN,2023-10-27 15:10:21,2023-10-27 19:50:00,39.195,28.6881,260.4329,10207.67,-2737.64,-26.8067,206323.91,2.43
2023-11-07,CDIO,2023-11-07 15:06:19,2023-11-07 20:50:00,26.532,43.3912,388.8209,10316.2,6553.28,63.5431,212873.37,2.4
2023-11-07,CDIO,2023-11-07 15:14:29,2023-11-07 20:50:00,27.4365,43.3912,375.9991,10316.1,5997.09,58.1515,218870.46,2.79
2023-11-08,RMCO,2023-11-08 14:48:17,2023-11-08 20:50:00,7.1455,8.1311,1531.5159,10943.52,1501.76,13.7928,220364.57,1.25
2023-11-10,JGGC,2023-11-10 15:59:24,2023-11-10 20:50:00,10.9545,9.8054,1005.8175,11018.23,-1160.79,-10.4895,219198.75,1.18
2023-11-13,GDHG,2023-11-13 15:55:51,2023-11-13 20:50:00,445277.8125,308227.5,0.0246,10959.89,-3374.3,-30.7786,212151.95,1.04
2023-11-13,GDHG,2023-11-13 15:23:23,2023-11-13 20:50:00,463367.8125,308227.5,0.0237,10959.94,-3670.5,-33.481,215526.25,5.11
2023-11-16,KORE,2023-11-16 15:06:49,2023-11-16 20:50:00,2.312,3.4414,4588.0562,10607.6,5158.68,48.8482,217260.91,5.44
2023-11-16,KORE,2023-11-16 15:14:44,2023-11-16 20:50:00,2.3115,3.4414,4588.5574,10606.45,5161.55,48.8806,222422.46,1.13
2023-11-16,SGD,2023-11-16 15:47:00,2023-11-16 20:50:00,13.8127,63.6505,767.7925,10605.3,38261.22,360.8106,260683.68,1.2
2023-11-28,SYRE,2023-11-28 14:54:25,2023-11-28 20:50:00,11.5575,13.9849,1127.7685,13034.18,2731.96,21.0032,263410.0,1.07
2023-11-29,VVOS,2023-11-29 15:11:29,2023-11-29 20:50:00,12.0399,37.3913,1093.9045,13170.5,27726.53,210.5614,291083.44,1.65
2023-11-29,YOSH,2023-11-29 15:26:04,2023-11-29 20:50:00,1.5633,2.4439,8424.753,13170.23,7376.69,56.3302,298460.13,1.82
2023-11-29,CDT,2023-11-29 15:31:08,2023-11-29 20:50:00,1251194.85,1744418.025,0.0105,13168.12,5189.9,39.4202,303650.03,1.48
2023-11-29,VVOS,2023-11-29 15:52:33,2023-11-29 20:50:00,14.6428,37.3913,899.2833,13168.07,20452.79,155.3553,324102.82,2.25
2023-12-06,WBUY,2023-12-06 15:29:54,2023-12-06 20:50:00,8.0502,2.2444,2013.0234,16205.14,-11697.23,-72.1201,312395.53,2.09
2023-12-14,ADEX.U,2023-12-14 15:38:39,2023-12-14 20:50:00,8.7435,7.9202,1786.4444,15619.78,-1479.8,-9.4167,310906.8,5.54
2023-12-22,GMBL,2023-12-22 14:43:37,2023-12-22 20:50:00,4.9245,7.1777,3156.7347,15545.34,7097.0,45.7551,317988.02,1.28
2024-01-31,IFBD,2024-01-31 15:49:36,2024-01-31 20:50:00,5.7896,10.9326,2746.1983,15899.4,14109.96,88.8316,332084.24,7.75
2024-02-01,CCTG,2024-02-01 14:59:24,2024-02-01 20:50:00,221.1,39.3015,75.0982,16604.21,-13653.74,-82.2246,318422.53,3.39
2024-02-01,NEUE,2024-02-01 15:46:06,2024-02-01 20:50:00,11.9092,6.1844,1394.224,16604.16,-7988.69,-48.0706,310433.84,1.57
2024-02-07,HOLO,2024-02-07 15:57:34,2024-02-07 20:50:00,6086.28,8849.2614,2.5503,15521.69,7045.36,45.3969,317478.2,1.01
2024-02-13,HOLO,2024-02-13 15:56:38,2024-02-13 20:50:00,20711.04,20269.5192,0.7664,15873.73,-339.4,-2.1318,314577.23,2.14
2024-02-13,BGLC,2024-02-13 14:58:13,2024-02-13 20:50:00,22.11,18.5535,717.9516,15873.91,-2556.98,-16.0855,314916.63,1.73
2024-03-06,SWIN,2024-03-06 14:41:59,2024-03-06 20:50:00,23.2255,53.8151,677.2223,15728.86,20712.56,131.7066,335286.4,1.87
2024-03-13,SWIN,2024-03-13 15:29:03,2024-03-13 19:50:00,56.8729,19.4513,294.7679,16764.32,-11032.19,-65.7988,324252.74,1.43
2024-03-15,OTLK,2024-03-15 15:22:53,2024-03-15 19:50:00,6.9244,8.2373,2341.361,16212.64,3062.04,18.959,327302.08,1.29
2024-03-15,SOAR,2024-03-15 15:26:21,2024-03-15 19:50:00,112.8112,94.5131,143.7095,16212.05,-2630.61,-16.2201,324671.46,1.27
2024-03-27,GCTS,2024-03-27 14:06:47,2024-03-27 19:50:00,12.5625,40.8975,1292.2247,16233.57,36608.73,225.5522,361262.56,1.55
2024-03-27,GCTS,2024-03-27 14:50:13,2024-03-27 19:50:00,13.7785,40.8975,1178.1537,16233.25,31944.4,196.8201,393206.96,3.73
2024-03-27,GCTS,2024-03-27 15:11:25,2024-03-27 19:50:00,15.3765,40.8975,1055.699,16232.96,26937.22,165.9741,420144.17,1.41
2024-03-28,NTRB,2024-03-28 15:30:44,2024-03-28 19:50:00,5.025,4.3641,3980.0995,20000.0,-2650.5,-13.153,417473.77,1.03
2024-04-03,JZXN,2024-04-03 14:20:13,2024-04-03 19:50:00,1985.88,746.928,10.0711,20000.0,-12478.61,-62.3881,404994.16,3.64
2024-04-04,CADL,2024-04-04 15:20:46,2024-04-04 19:50:00,2.5728,6.2887,7773.6318,20000.0,28847.47,144.4317,433802.77,1.09
2024-04-05,BTTR,2024-04-05 14:53:34,2024-04-05 19:50:00,4.4722,8.3192,4472.0219,20000.0,17181.06,86.0171,450961.47,3.13
2024-04-18,BPTH,2024-04-18 13:58:15,2024-04-18 19:50:00,6.7362,4.0249,2969.027,20000.0,-8064.77,-40.2496,442881.85,1.45
2024-04-19,TRSG,2024-04-19 14:31:47,2024-04-19 19:50:00,8.2008,6.0847,2438.7865,20000.0,-5172.79,-25.803,437696.87,37.87
2024-04-23,HCP,2024-04-23 14:03:57,2024-04-23 19:50:00,25.2858,29.6357,790.9578,20000.0,3436.65,17.203,441129.57,1.5
2024-04-25,BACK,2024-04-25 14:56:24,2024-04-25 19:50:00,3.9898,5.3566,5012.7198,20000.0,6825.95,34.255,447930.45,4.46
2024-05-03,NUVO,2024-05-03 14:27:11,2024-05-03 19:50:00,4.3215,2.0195,4628.0227,20000.0,-10676.67,-53.2677,437230.64,1.29
2024-05-10,LIDR,2024-05-10 14:37:51,2024-05-10 19:50:00,2.1003,2.6733,9522.2248,20000.0,5408.15,27.2788,442591.18,1.97
2024-05-14,GME,2024-05-14 14:26:24,2024-05-14 19:50:00,52.059,49.8052,384.1795,20000.0,-867.79,-4.3294,441715.94,1.3
2024-05-14,MTC,2024-05-14 14:52:22,2024-05-14 19:50:00,56.4408,69.7851,354.3536,20000.0,4726.83,23.643,446442.77,2.01
2024-05-14,MTC,2024-05-14 14:54:57,2024-05-14 19:50:00,52.4208,69.7851,381.5279,20000.0,6623.06,33.1248,453065.82,1.53
2024-05-14,MTC,2024-05-14 15:08:08,2024-05-14 19:50:00,54.1092,69.7851,369.6229,20000.0,5792.32,28.9709,458858.15,1.23
2024-05-16,FFIE,2024-05-16 14:21:06,2024-05-16 19:50:00,42.612,65.2365,469.3514,20000.0,10616.49,53.0942,469472.29,1.49
2024-05-17,DUO,2024-05-17 14:09:53,2024-05-17 19:50:00,26.3712,25.8552,758.4031,20000.0,-395.13,-1.9567,468984.7,1.0
2024-05-17,DUO,2024-05-17 14:17:39,2024-05-17 19:50:00,24.2808,25.8552,823.6961,20000.0,1292.71,6.4841,470277.41,1.81
2024-05-17,FLJ,2024-05-17 15:09:32,2024-05-17 19:50:00,1.1827,1.4464,16910.6879,20000.0,4374.64,22.296,474652.05,3.33
2024-05-28,LPA,2024-05-28 13:52:45,2024-05-28 19:50:00,17.7584,28.4188,1126.2308,20000.0,12000.47,60.0305,486641.93,2.67
2024-05-28,LPA,2024-05-28 14:18:46,2024-05-28 19:50:00,20.1452,28.4188,992.7911,20000.0,8208.94,41.0695,494850.87,2.21
2024-05-31,ADRT,2024-05-31 14:27:38,2024-05-31 19:50:00,18.6729,43.89,1071.0709,20000.0,27003.95,135.0465,521844.37,6.3
2024-05-31,ADRT,2024-05-31 14:30:22,2024-05-31 19:50:00,19.6417,43.89,1018.2408,20000.0,24685.5,123.4529,546529.86,6.66
2024-06-03,CCM,2024-06-03 14:27:04,2024-06-03 19:50:00,5.9566,8.4787,3357.6004,20000.0,8451.47,42.3413,554964.54,7.56
2024-06-04,DHAC,2024-06-04 15:33:14,2024-06-04 19:50:00,22.0497,20.4488,907.0418,20000.0,-1456.66,-7.2606,537648.87,14.67
2024-06-04,LPA,2024-06-04 14:58:09,2024-06-04 19:50:00,402.0,194.8118,49.7512,20000.0,-10308.87,-51.5394,539105.53,6.77
2024-06-04,ADRT,2024-06-04 14:50:01,2024-06-04 19:50:00,33.3157,24.0896,600.3167,20000.0,-5541.6,-27.693,549414.41,5.19
2024-06-05,ASNS,2024-06-05 14:12:52,2024-06-05 19:50:00,26.8335,39.6008,745.337,20000.0,9512.18,47.5795,547135.04,1.31
2024-06-05,ASNS,2024-06-05 14:34:13,2024-06-05 19:50:00,21.306,39.6008,938.7027,20000.0,17168.64,85.8667,564303.68,2.2
2024-06-05,ASNS,2024-06-05 14:39:48,2024-06-05 19:50:00,23.919,39.6008,836.1554,20000.0,13108.2,65.5619,577411.88,1.19
2024-06-05,ASNS,2024-06-05 14:46:18,2024-06-05 19:50:00,27.939,39.6008,715.8452,20000.0,8344.43,41.74,585756.31,3.29
2024-06-05,ASNS,2024-06-05 14:51:44,2024-06-05 19:50:00,27.4365,39.6008,728.956,20000.0,8863.56,44.336,594619.87,1.05
2024-06-05,ASNS,2024-06-05 14:58:35,2024-06-05 19:50:00,30.753,39.6008,650.3431,20000.0,5750.82,28.7704,600370.69,3.18
2024-06-05,ASNS,2024-06-05 15:47:26,2024-06-05 19:50:00,34.17,39.6008,585.3088,20000.0,3175.74,15.8933,603546.43,3.3
2024-06-12,DDC,2024-06-12 14:24:22,2024-06-12 19:50:00,32.6625,42.1444,612.323,20000.0,5802.91,29.0299,609346.27,1.73
2024-06-13,ZAPP,2024-06-13 14:04:39,2024-06-13 19:50:00,1.8291,2.4938,10934.3393,20000.0,7212.84,36.3375,616380.93,8.56
2024-06-13,ZAPP,2024-06-13 14:26:22,2024-06-13 19:50:00,2.3115,2.4938,8652.3902,20000.0,1533.64,7.8845,617914.56,2.1
2024-06-13,ZAPP,2024-06-13 14:50:49,2024-06-13 19:50:00,2.5125,2.4938,7960.199,20000.0,-189.05,-0.7463,617725.51,2.19
2024-06-13,ZAPP,2024-06-13 15:28:13,2024-06-13 19:50:00,2.4723,2.4938,8089.6331,20000.0,133.07,0.8676,617858.58,2.08
2024-10-07,SOBR,2024-10-07 15:20:26,2024-10-07 19:50:00,66.129,99.7051,302.4392,20000.0,10153.22,50.7737,628010.29,16.95
2024-10-11,TCS,2024-10-11 15:34:50,2024-10-11 19:50:00,12.874,15.406,1553.5127,20000.0,3925.63,19.667,631920.64,2.07
2024-10-11,TCS,2024-10-11 15:40:17,2024-10-11 19:50:00,13.3134,15.406,1502.2418,20000.0,3136.01,15.7176,635056.65,1.96
2024-10-17,NUZE,2024-10-17 15:23:13,2024-10-17 19:50:00,1.3216,2.2942,15133.4582,20000.0,14642.76,73.5921,714554.7,1.09
2024-10-17,NUZE,2024-10-17 15:01:48,2024-10-17 19:50:00,1.4572,2.2942,13724.481,20000.0,11417.4,57.4301,699911.94,1.26
2024-10-17,NUZE,2024-10-17 14:41:56,2024-10-17 19:50:00,1.5175,2.2942,13179.1374,20000.0,10169.03,51.1746,688494.54,1.11
2024-10-17,NUZE,2024-10-17 14:27:21,2024-10-17 19:50:00,1.0353,2.2942,19318.9957,20000.0,24224.08,121.6034,678325.52,3.09
2024-10-17,JDZG,2024-10-17 14:04:37,2024-10-17 19:50:00,170.8701,336.2174,117.048,20000.0,19352.56,96.7678,654101.43,1.3
2024-10-18,DRUG,2024-10-18 15:15:05,2024-10-18 19:50:00,51.2894,54.9224,389.9443,20000.0,1414.71,7.0833,715967.46,1.34
2024-10-23,PC,2024-10-23 14:11:59,2024-10-23 19:50:00,45.7632,13.556,437.0326,20000.0,-14077.76,-70.3779,701881.04,118.23
2024-10-23,PC,2024-10-23 14:18:39,2024-10-23 19:50:00,44.9536,13.556,444.9027,20000.0,-13971.11,-69.8444,687909.93,6.59
2024-10-23,PC,2024-10-23 15:17:48,2024-10-23 19:50:00,45.6773,13.556,437.8547,20000.0,-14066.62,-70.3222,673843.31,3.9
2024-10-23,PC,2024-10-23 15:29:02,2024-10-23 19:50:00,48.4812,13.556,412.531,20000.0,-14409.78,-72.0386,659433.53,2.39
2024-10-24,TC,2024-10-24 14:15:21,2024-10-24 19:50:00,67.737,32.9175,295.2596,20000.0,-10282.27,-51.404,649141.57,3.13
2024-10-24,MNPR,2024-10-24 15:22:38,2024-10-24 19:50:00,12.1705,30.9225,1643.3111,20000.0,30807.07,154.0764,679948.64,2.21
2024-10-29,JL,2024-10-29 14:04:01,2024-10-29 19:50:00,4.8773,7.5311,4100.6589,20000.0,10862.07,54.4129,690790.2,8.15
2024-11-04,SPPL,2024-11-04 14:41:50,2024-11-04 20:50:00,3.0552,9.1706,6546.2163,20000.0,40000.1,200.1642,730757.58,1.09
2024-11-05,DJT,2024-11-05 14:48:46,2024-11-05 20:50:00,38.9639,34.0846,513.2963,20000.0,-2507.08,-12.5226,728237.71,1.12
2024-11-05,ATGL,2024-11-05 15:40:05,2024-11-05 20:50:00,9.7838,8.7032,2044.2006,20000.0,-2219.16,-11.0447,726018.55,10.98
2024-11-18,MI,2024-11-18 15:45:25,2024-11-18 20:50:00,3.9195,2.1945,5102.6917,20000.0,-8827.66,-44.0107,717139.2,1.25
2024-11-18,MI,2024-11-18 15:51:21,2024-11-18 20:50:00,3.819,2.1945,5236.973,20000.0,-8533.65,-42.5373,708605.55,1.85
2024-11-20,SKK,2024-11-20 15:45:48,2024-11-20 20:50:00,89.445,44.7878,223.6011,20000.0,-9986.53,-49.9271,698617.9,1.83
2024-12-10,GXAI,2024-12-10 15:57:10,2024-12-10 20:50:00,5.9094,5.7504,3384.4384,20000.0,-555.09,-2.6908,698045.89,5.13
2024-12-18,XCH,2024-12-18 14:41:52,2024-12-18 20:50:00,25.1903,2.4071,793.9556,20000.0,-18092.87,-90.4445,679949.06,1.51
2024-12-19,NVNI,2024-12-19 15:04:12,2024-12-19 20:50:00,6.9787,26.5335,2865.8551,20000.0,56026.84,280.2058,735925.62,1.07
2024-12-19,NVNI,2024-12-19 15:17:09,2024-12-19 20:50:00,7.1868,26.5335,2782.8971,20000.0,53826.09,269.2,789751.71,2.15
2024-12-19,NVNI,2024-12-19 15:27:37,2024-12-19 20:50:00,10.7535,26.5335,1859.8596,20000.0,29339.28,146.7429,819091.0,6.99
2024-12-19,NVNI,2024-12-19 15:38:30,2024-12-19 20:50:00,16.1805,26.5335,1236.0557,20000.0,12790.7,63.9844,831881.7,7.43
2024-12-19,NVNI,2024-12-19 15:49:28,2024-12-19 20:50:00,15.276,26.5335,1309.2433,20000.0,14732.26,73.694,846613.96,4.29
2024-12-20,ZEO,2024-12-20 15:12:23,2024-12-20 20:50:00,1.6281,1.9896,12284.2577,20000.0,4379.5,22.2046,850932.04,4.36
2024-12-23,DRCT,2024-12-23 14:44:59,2024-12-23 20:50:00,39.1844,288.0281,510.4066,20000.0,127008.9,635.0573,977925.75,1.51
2024-12-23,DRCT,2024-12-23 14:50:25,2024-12-23 20:50:00,41.3457,288.0281,483.7262,20000.0,119324.34,596.6338,1097250.09,1.45
2024-12-23,DRCT,2024-12-23 15:01:31,2024-12-23 20:50:00,43.1145,288.0281,463.8811,20000.0,113608.47,568.054,1210858.57,4.19
2024-12-23,DRCT,2024-12-23 15:10:39,2024-12-23 20:50:00,59.1442,288.0281,338.1563,20000.0,77396.83,386.9926,1288255.4,8.87
2024-12-23,DRCT,2024-12-23 15:16:43,2024-12-23 20:50:00,46.9837,288.0281,425.6791,20000.0,102605.42,513.0378,1390860.82,3.87
2024-12-23,DRCT,2024-12-23 15:24:32,2024-12-23 20:50:00,59.697,288.0281,335.0252,20000.0,76495.01,382.4834,1467355.83,4.22
2024-12-23,DRCT,2024-12-23 15:34:41,2024-12-23 20:50:00,77.9377,288.0281,256.6151,20000.0,53911.07,269.5618,1521266.9,9.22
2024-12-23,DRCT,2024-12-23 15:40:21,2024-12-23 20:50:00,88.9927,288.0281,224.7374,20000.0,44729.57,223.6535,1565996.47,1.09
2024-12-27,INTZ,2024-12-27 14:50:24,2024-12-27 20:50:00,1.4773,2.1347,13537.7534,20000.0,8830.68,44.4918,1574759.46,1.35
2024-12-30,WATT,2024-12-30 15:32:41,2024-12-30 20:50:00,54.873,74.214,364.478,20000.0,7047.55,35.2468,1581803.23,1.84
2024-12-30,WATT,2024-12-30 15:51:59,2024-12-30 20:50:00,51.255,74.214,390.2058,20000.0,8956.78,44.7937,1590760.01,1.05
2024-12-31,IZTC,2024-12-31 15:36:17,2024-12-31 20:50:00,17.9292,15.9401,1115.4987,20000.0,-2224.47,-11.0945,1588529.96,4.98
2025-01-06,MSS,2025-01-06 14:55:13,2025-01-06 20:50:00,1.3709,1.737,14588.738,20000.0,5268.37,26.7066,1593721.49,1.94
2025-01-06,BOXL,2025-01-06 15:03:37,2025-01-06 20:50:00,25.6275,46.686,780.4117,20000.0,16430.39,82.1715,1610151.88,14.13
2025-01-28,SLXN,2025-01-28 14:46:00,2025-01-28 20:50:00,18.3915,19.0024,1087.4589,20000.0,658.86,3.3215,1610805.31,1.69
2025-01-29,XFOR,2025-01-29 14:49:02,2025-01-29 20:50:00,14.7645,20.7201,1354.6047,20000.0,8060.73,40.3375,1618859.27,1.29
2025-01-31,DXF,2025-01-31 15:58:23,2025-01-31 20:50:00,46.8229,28.1454,427.141,20000.0,-7980.1,-39.8898,1615210.26,3.16
2025-01-31,DXF,2025-01-31 15:15:32,2025-01-31 20:50:00,23.125,28.1454,864.863,20000.0,4337.56,21.7094,1623190.36,1.38
2025-02-06,BOWN,2025-02-06 15:28:57,2025-02-06 20:50:00,4.5627,3.4415,4383.3695,20000.0,-4936.66,-24.5737,1610251.69,4.27
2025-02-14,INLF,2025-02-14 14:51:42,2025-02-14 20:50:00,166.1064,259.6692,120.4048,20000.0,11264.41,56.327,1621514.09,1.36
2025-02-14,INLF,2025-02-14 15:12:48,2025-02-14 20:50:00,183.8748,259.6692,108.7697,20000.0,8243.13,41.2207,1629757.22,1.48
2025-02-24,MSW,2025-02-24 15:24:14,2025-02-24 20:50:00,5.1255,5.0473,3902.0583,20000.0,-324.46,-1.5247,1629411.57,1.7
2025-02-24,RHLDV,2025-02-24 15:30:39,2025-02-24 20:50:00,59.2849,32.5484,337.3537,20000.0,-9021.35,-45.0983,1620390.22,3.64
2025-03-11,QMMM,2025-03-11 14:30:27,2025-03-11 19:50:00,1.4773,1.4065,13537.7534,20000.0,-1027.18,-4.7974,1619295.35,1.37
2025-03-20,IBO,2025-03-20 15:52:35,2025-03-20 19:50:00,1.7587,2.1945,11371.7129,20000.0,4898.37,24.7761,1633443.95,3.04
2025-03-20,IBO,2025-03-20 15:46:35,2025-03-20 19:50:00,1.5678,2.1945,12756.7292,20000.0,7930.86,39.9732,1628545.58,9.44
2025-03-20,IBO,2025-03-20 15:28:57,2025-03-20 19:50:00,2.3014,2.1945,8690.1736,20000.0,-972.86,-4.6471,1620614.73,5.46
2025-03-20,ULY,2025-03-20 14:30:42,2025-03-20 19:50:00,4.2109,4.7381,4749.5221,20000.0,2480.08,12.5191,1621587.59,4.94
2025-03-24,IMTE,2025-03-24 13:46:38,2025-03-24 19:50:00,1.1955,1.8155,16728.7303,20000.0,10286.53,51.8509,1643569.1,1.14
2025-03-24,IMTE,2025-03-24 14:12:18,2025-03-24 19:50:00,1.2864,1.8155,15547.2637,20000.0,8147.54,41.1264,1651716.64,1.06
2025-03-26,IBO,2025-03-26 14:00:17,2025-03-26 19:50:00,3.4242,2.2942,5840.7189,20000.0,-6629.13,-32.9997,1645058.31,1.35
2025-03-31,ICCT,2025-03-31 14:43:44,2025-03-31 19:50:00,1.0652,1.8753,18775.8256,20000.0,15116.43,76.0515,1659907.82,2.05
2025-03-31,ICCT,2025-03-31 14:49:10,2025-03-31 19:50:00,1.1255,1.8753,17769.8879,20000.0,13235.02,66.6194,1673142.84,1.67
2025-03-31,ICCT,2025-03-31 14:54:37,2025-03-31 19:50:00,1.2157,1.8753,16450.7709,20000.0,10767.88,54.2507,1683910.72,1.3
2025-03-31,NMAX,2025-03-31 15:47:26,2025-03-31 19:50:00,51.7675,82.0444,386.3424,20000.0,11695.29,58.4861,1695606.01,1.88
2025-04-01,BIAF,2025-04-01 14:14:53,2025-04-01 19:50:00,24.515,35.0123,815.8282,20000.0,8559.9,42.8199,1704135.69,2.9
2025-04-01,RSLS,2025-04-01 14:16:39,2025-04-01 19:50:00,95.475,174.5625,209.4789,20000.0,16566.12,82.8358,1720701.81,1.0
2025-04-01,RSLS,2025-04-01 14:32:02,2025-04-01 19:50:00,106.6305,174.5625,187.5636,20000.0,12740.57,63.7079,1733442.38,1.02
2025-04-01,RSLS,2025-04-01 15:01:24,2025-04-01 19:50:00,137.6448,174.5625,145.3015,20000.0,5363.2,26.821,1738805.58,1.13
2025-04-01,WXM,2025-04-01 15:27:46,2025-04-01 19:50:00,4.3315,5.0076,4617.2848,20000.0,3098.66,15.6087,1741904.24,1.24
2025-04-02,VVPR,2025-04-02 14:11:22,2025-04-02 19:50:00,4.1004,3.8104,4877.5729,20000.0,-1438.64,-7.0713,1740441.21,1.06
2025-04-04,AREB,2025-04-04 14:51:29,2025-04-04 19:50:00,367026.0,779247.0,0.0545,20000.0,22461.77,112.3138,1781551.53,1.54
2025-04-04,AREB,2025-04-04 15:49:24,2025-04-04 19:50:00,445608.96,779247.0,0.0449,20000.0,14973.48,74.8724,1796525.0,1.11
2025-04-04,AREB,2025-04-04 14:33:46,2025-04-04 19:50:00,403206.0,779247.0,0.0496,20000.0,18651.55,93.2627,1759089.76,1.93
2025-04-07,JNVR,2025-04-07 15:05:05,2025-04-07 19:50:00,19.487,41.8798,1026.3279,20000.0,22977.31,114.9122,1819497.19,2.86
2025-04-08,FMTO,2025-04-08 15:20:10,2025-04-08 19:50:00,758.775,1695.75,26.3583,20000.0,24696.04,123.4852,1844192.23,6.65
2025-04-14,BULL,2025-04-14 14:00:23,2025-04-14 19:50:00,38.6623,67.1317,517.2991,20000.0,14724.61,73.636,1858912.08,1.05
2025-04-14,BULL,2025-04-14 14:11:35,2025-04-14 19:50:00,46.0138,67.1317,434.652,20000.0,9176.77,45.8947,1868088.85,1.92
2025-04-16,IOTR,2025-04-16 15:34:41,2025-04-16 19:50:00,50.7525,18.1545,394.0693,20000.0,-12847.84,-64.2293,1855237.06,1.04
2025-04-16,IOTR,2025-04-16 15:45:00,2025-04-16 19:50:00,50.3485,18.1545,397.2314,20000.0,-12790.45,-63.9423,1842446.61,7.55
2025-04-17,FATN,2025-04-17 14:25:29,2025-04-17 19:50:00,9.5425,11.8902,2095.8923,20000.0,4910.1,24.6029,1847346.23,1.96
2025-04-21,APVO,2025-04-21 14:41:11,2025-04-21 19:50:00,441.396,228.9263,45.3108,20000.0,-9628.17,-48.1359,1837717.06,1.51
2025-04-24,TMDE,2025-04-24 14:03:44,2025-04-24 19:50:00,6.0501,1.4963,3305.7305,20000.0,-15070.33,-75.269,1822597.18,1.76
2025-04-24,TMDE,2025-04-24 14:38:24,2025-04-24 19:50:00,6.0551,1.4963,3302.9871,20000.0,-15074.42,-75.2895,1807522.76,1.2
2025-04-24,TMDE,2025-04-24 14:59:02,2025-04-24 19:50:00,6.0601,1.4963,3300.2483,20000.0,-15078.5,-75.31,1792444.26,1.26
2025-04-25,JAGX,2025-04-25 13:54:05,2025-04-25 19:50:00,8.4511,9.6757,2366.5431,20000.0,2886.25,14.4904,1795318.67,2.33
2025-05-01,CDTG,2025-05-01 14:24:15,2025-05-01 19:50:00,2.5025,0.6882,7992.1677,20000.0,-14539.95,-72.4999,1780738.76,3.39
2025-05-05,NTCL,2025-05-05 14:08:20,2025-05-05 19:50:00,14.884,12.778,1343.7203,20000.0,-2836.69,-14.1499,1772092.45,2.91
2025-05-05,NTCL,2025-05-05 15:23:19,2025-05-05 19:50:00,14.874,12.778,1344.6282,20000.0,-2825.1,-14.0919,1769267.35,1.07
2025-05-05,NTCL,2025-05-05 13:46:53,2025-05-05 19:50:00,14.9795,12.778,1335.1558,20000.0,-2946.09,-14.6971,1777765.84,1.78
2025-05-05,NTCL,2025-05-05 14:02:59,2025-05-05 19:50:00,14.884,12.778,1343.7203,20000.0,-2836.69,-14.1499,1774929.14,1.01
2025-05-07,ASST,2025-05-07 15:10:34,2025-05-07 19:50:00,45.828,61.047,436.4144,20000.0,6639.61,33.209,1775902.48,1.19
2025-05-07,ASST,2025-05-07 15:18:13,2025-05-07 19:50:00,43.416,61.047,460.6597,20000.0,8119.59,40.6095,1784022.06,1.1
2025-05-09,NXTT,2025-05-09 15:10:16,2025-05-09 19:50:00,71.1942,402.99,280.9218,20000.0,93207.26,466.0433,1877224.58,233.33
2025-05-09,NXTT,2025-05-09 15:26:38,2025-05-09 19:50:00,74.772,402.99,267.4798,20000.0,87790.35,438.9584,1965014.93,3.22
2025-05-09,GIBO,2025-05-09 15:40:47,2025-05-09 19:50:00,813.7485,1085.28,24.5776,20000.0,6672.6,33.368,1971687.52,3.84
2025-05-09,NXTT,2025-05-09 15:55:30,2025-05-09 19:50:00,171.654,402.99,116.5135,20000.0,26952.76,134.7688,1998640.28,12.12
2025-05-12,INHD,2025-05-12 15:47:08,2025-05-12 19:50:00,383.0256,52.9074,52.2158,20000.0,-17238.4,-86.187,1964971.57,3.25
2025-05-12,INHD,2025-05-12 15:08:17,2025-05-12 19:50:00,296.1767,52.9074,67.5273,20000.0,-16428.31,-82.1365,1982209.97,1.68
2025-05-13,EPSM,2025-05-13 14:22:31,2025-05-13 19:50:00,14.2866,12.2693,1399.9154,20000.0,-2831.09,-14.1204,1962133.49,2.71
2025-05-19,PTIX,2025-05-19 15:17:21,2025-05-19 19:50:00,9.9997,11.541,2000.05,20000.0,3072.53,15.4126,1965196.01,1.23
2025-06-03,MCTR,2025-06-03 13:54:40,2025-06-03 19:50:00,8.6329,32.2791,2316.7052,20000.0,54769.57,273.9058,2019930.95,1.58
2025-06-03,MCTR,2025-06-03 14:00:06,2025-06-03 19:50:00,8.6229,32.2791,2319.4053,20000.0,54856.72,274.3416,2074787.66,1.7
2025-06-03,MCTR,2025-06-03 14:05:24,2025-06-03 19:50:00,8.7234,32.2791,2292.684,20000.0,53994.31,270.0289,2128781.98,1.37
2025-06-04,MCTR,2025-06-04 13:56:24,2025-06-04 19:50:00,40.4613,14.6632,494.2995,20000.0,-12754.43,-63.7598,2116018.75,2.09
2025-06-04,MULN,2025-06-04 15:36:08,2025-06-04 19:50:00,15.8287,17.1869,1263.5237,20000.0,1709.77,8.5804,2117728.52,1.56
2025-06-06,DIST,2025-06-06 15:25:53,2025-06-06 19:50:00,14.4793,13.3366,1381.2788,20000.0,-1585.38,-7.8924,2116136.24,1.27
2025-06-11,DIST,2025-06-11 14:53:52,2025-06-11 19:50:00,11.9494,18.6532,1673.7172,20000.0,11211.9,56.1013,2134959.51,2.76
2025-06-11,JEM,2025-06-11 13:45:22,2025-06-11 19:50:00,84.42,121.695,236.9107,20000.0,8829.66,44.1542,2124946.6,4.74
2025-06-11,KZIA,2025-06-11 13:52:19,2025-06-11 19:50:00,10.2609,9.6508,1949.1374,20000.0,-1198.99,-5.9462,2123747.61,1.17
2025-06-12,DIST,2025-06-12 13:41:35,2025-06-12 19:50:00,16.0096,27.93,1249.2465,20000.0,14885.21,74.4573,2149826.84,2.28
2025-06-12,DIST,2025-06-12 14:03:36,2025-06-12 19:50:00,15.5594,27.93,1285.3958,20000.0,15894.68,79.5055,2165721.52,1.05
2025-06-12,LIMN,2025-06-12 15:09:18,2025-06-12 19:50:00,19.1955,20.3191,1041.9109,20000.0,1165.46,5.8533,2166886.97,2.9
2025-06-13,OP,2025-06-13 15:29:16,2025-06-13 19:50:00,1.0162,1.7855,19682.027,20000.0,15044.34,75.7138,2181832.9,4.12
2025-06-17,RBNE,2025-06-17 15:52:20,2025-06-17 19:50:00,55.3258,59.6505,361.4953,20000.0,1561.57,7.8169,2183392.66,1.88
2025-06-25,LIMN,2025-06-25 13:55:25,2025-06-25 19:50:00,28.8555,25.0722,693.1097,20000.0,-2625.71,-13.1112,2180763.49,1.65
2025-06-27,CTOR,2025-06-27 13:46:11,2025-06-27 19:50:00,4.4823,4.4439,4461.995,20000.0,-193.82,-0.8575,2180539.94,1.27
2025-06-27,WFF,2025-06-27 13:50:33,2025-06-27 19:50:00,39.8482,16.2593,501.9041,20000.0,-11841.93,-59.1971,2168698.02,1.07
2025-06-27,BGL,2025-06-27 14:12:53,2025-06-27 19:50:00,84.4401,62.8426,236.8543,20000.0,-5116.64,-25.5773,2163581.37,2.28
2025-06-27,WFF,2025-06-27 14:16:42,2025-06-27 19:50:00,46.522,16.2593,429.9046,20000.0,-13012.22,-65.0504,2150569.15,1.41
2025-06-27,WFF,2025-06-27 15:51:27,2025-06-27 19:50:00,63.3652,16.2593,315.6304,20000.0,-14869.66,-74.3404,2135699.48,1.25
2025-07-02,BGL,2025-07-02 13:57:28,2025-07-02 19:50:00,126.64,129.0267,157.9279,20000.0,375.92,1.8846,2136074.41,2.75
2025-07-08,PROK,2025-07-08 15:07:20,2025-07-08 19:50:00,2.211,3.7107,9045.6807,20000.0,13520.58,67.829,2198241.44,1.35
2025-07-08,PROK,2025-07-08 14:35:53,2025-07-08 19:50:00,1.8693,3.7107,10699.1922,20000.0,19648.0,98.5075,2184720.86,2.67
2025-07-08,PROK,2025-07-08 14:20:23,2025-07-08 19:50:00,1.5075,3.7107,13266.9983,20000.0,29163.52,146.1493,2165072.86,2.31
2025-07-09,CLDI,2025-07-09 14:01:53,2025-07-09 19:50:00,11.0904,8.4353,1803.3654,20000.0,-4797.16,-23.9407,2193435.26,1.03
2025-07-10,MB,2025-07-10 13:49:45,2025-07-10 19:50:00,9.8791,11.3715,2024.4657,20000.0,3011.09,15.1061,2196432.75,1.4
2025-07-10,CIGL,2025-07-10 14:12:29,2025-07-10 19:50:00,28.7731,5.6459,695.0925,20000.0,-16079.09,-80.3781,2180353.66,1.35
2025-07-11,SDM,2025-07-11 14:49:18,2025-07-11 19:50:00,14.4619,15.8603,1382.9394,20000.0,1926.85,9.6688,2182272.48,1.04
2025-07-11,EDHL,2025-07-11 15:17:08,2025-07-11 19:50:00,89.5656,83.4197,223.3,20000.0,-1373.49,-6.8619,2180898.99,1.81
2025-07-14,SQFT,2025-07-14 14:02:14,2025-07-14 19:50:00,14.3212,13.4545,1396.5261,20000.0,-1217.45,-6.0523,2179370.11,3.22
2025-07-14,TROO,2025-07-14 14:41:09,2025-07-14 19:50:00,1.206,1.7406,16583.7479,20000.0,8783.37,44.3315,2188153.48,609.92
2025-07-14,TROO,2025-07-14 15:04:19,2025-07-14 19:50:00,1.216,1.7406,16446.6922,20000.0,8545.5,43.1386,2196698.98,7.46
2025-07-14,TROO,2025-07-14 15:05:31,2025-07-14 19:50:00,1.3172,1.7406,15184.2649,20000.0,6354.38,32.1515,2203053.36,7.57
2025-07-14,TROO,2025-07-14 15:18:34,2025-07-14 19:50:00,1.5778,1.7406,12675.4761,20000.0,2000.03,10.317,2205053.39,2.77
2025-07-15,PCLA,2025-07-15 14:17:03,2025-07-15 19:50:00,101.304,23.3415,197.4256,20000.0,-15392.79,-76.959,2189659.6,1.13
2025-07-21,OPAD,2025-07-21 15:05:30,2025-07-21 19:50:00,2.4673,3.212,8106.109,20000.0,5995.89,30.1821,2195597.04,1.33
2025-07-21,MFH,2025-07-21 15:14:13,2025-07-21 19:50:00,5.5828,2.0244,3582.4478,20000.0,-12765.51,-63.738,2182831.53,2.86
2025-07-22,PAPL,2025-07-22 14:40:05,2025-07-22 19:50:00,4.1205,3.6708,4853.7799,20000.0,-2207.01,-10.9137,2180572.76,1.4
2025-07-22,PAPL,2025-07-22 14:46:27,2025-07-22 19:50:00,3.6381,3.6708,5497.375,20000.0,152.28,0.8988,2180725.04,5.34
2025-07-24,TLIH,2025-07-24 14:40:43,2025-07-24 19:50:00,6.6832,1.6459,2992.556,20000.0,-15089.59,-75.3731,2165611.44,1.32
2025-07-24,LHAI,2025-07-24 15:08:08,2025-07-24 19:50:00,11.055,5.3666,1809.1361,20000.0,-10300.23,-51.4559,2155311.21,5.82
2025-07-28,CREV,2025-07-28 14:57:36,2025-07-28 19:50:00,5.5154,5.4513,3626.1839,20000.0,-250.58,-1.1622,2182628.45,1.57
2025-07-28,PFSA,2025-07-28 14:52:08,2025-07-28 19:50:00,59.8477,142.4056,334.1813,20000.0,27587.62,137.9464,2182879.03,4.72
2025-07-29,PTHL,2025-07-29 14:32:23,2025-07-29 19:50:00,31.5168,1.6559,634.5822,20000.0,-18952.4,-94.7461,2163669.69,1.38
2025-07-29,PTHL,2025-07-29 15:13:34,2025-07-29 19:50:00,31.3309,1.6559,638.348,20000.0,-18946.18,-94.715,2144723.5,1.41
2025-08-15,IROH,2025-08-15 14:53:09,2025-08-15 19:50:00,7.9897,7.1321,2503.2072,20000.0,-2159.33,-10.7341,2142551.66,17.66
2025-08-25,HTCR,2025-08-25 14:21:57,2025-08-25 19:50:00,17.7805,24.738,1124.8303,20000.0,7820.43,39.1303,2150366.46,2.33
2025-08-28,SOGP,2025-08-28 14:31:45,2025-08-28 19:50:00,6.3013,13.156,3173.923,20000.0,21740.35,108.7811,2214422.97,1.19
2025-08-28,SOGP,2025-08-28 15:15:08,2025-08-28 19:50:00,7.0601,13.156,2832.811,20000.0,17254.38,86.3427,2231677.34,1.04
2025-08-28,SOGP,2025-08-28 13:56:00,2025-08-28 19:50:00,6.1305,13.156,3262.3766,20000.0,22903.6,114.5996,2173208.71,2.7
2025-08-28,SOGP,2025-08-28 14:12:29,2025-08-28 19:50:00,6.6631,13.156,3001.5833,20000.0,19473.9,97.4446,2192682.62,1.48
2025-09-08,GLXG,2025-09-08 13:56:54,2025-09-08 19:50:00,3.9697,4.0,5038.1006,20000.0,127.09,0.7614,2231746.68,1.22
2025-09-08,KRKR,2025-09-08 14:11:08,2025-09-08 19:50:00,7.8993,10.0548,2531.8699,20000.0,5444.79,27.2872,2237191.47,1.28
2025-09-08,CIGL,2025-09-08 15:24:44,2025-09-08 19:50:00,5.025,5.9651,3980.0995,20000.0,3721.59,18.7075,2240913.06,4.83
2025-09-09,QMMM,2025-09-09 15:27:47,2025-09-09 19:50:00,15.6981,252.3176,1274.0395,20000.0,301456.26,1507.3131,3565902.42,1.26
2025-09-09,ISPC,2025-09-09 15:58:09,2025-09-09 19:50:00,1.9798,2.2543,10101.7754,20000.0,2721.42,13.8596,3814571.73,2.31
2025-09-09,QMMM,2025-09-09 15:38:37,2025-09-09 19:50:00,18.7734,252.3176,1065.3371,20000.0,248798.01,1244.0167,3811850.31,2.5
2025-09-09,ISPC,2025-09-09 15:32:02,2025-09-09 19:50:00,2.623,2.2543,7624.7117,20000.0,-2850.12,-14.06,3563052.31,1.28
2025-09-09,ENGS,2025-09-09 15:16:58,2025-09-09 19:50:00,4.5175,5.8853,4427.2519,20000.0,6033.35,30.2774,3264446.16,6.39
2025-09-09,ISPC,2025-09-09 14:52:42,2025-09-09 19:50:00,1.2562,2.2543,15920.398,20000.0,15808.96,79.4428,3252388.86,5.99
2025-09-09,QMMM,2025-09-09 14:19:28,2025-09-09 19:50:00,17.9091,252.3176,1116.7507,20000.0,261770.3,1308.8794,3236579.9,5.63
2025-09-09,QMMM,2025-09-09 14:12:53,2025-09-09 19:50:00,22.0396,252.3176,907.4554,20000.0,208962.46,1044.835,2974809.6,1.43
2025-09-09,QMMM,2025-09-09 14:09:32,2025-09-09 19:50:00,18.8839,252.3176,1059.1005,20000.0,247224.42,1236.1486,2765847.14,1.48
2025-09-09,QMMM,2025-09-09 14:02:52,2025-09-09 19:50:00,16.9342,252.3176,1181.0384,20000.0,277990.91,1389.9841,2518622.72,4.98
2025-09-09,ISPC,2025-09-09 15:05:43,2025-09-09 19:50:00,1.7286,2.2543,11570.0567,20000.0,6023.95,30.409,3258412.81,1.05
2025-09-10,KIDZ,2025-09-10 15:30:42,2025-09-10 19:50:00,83.9275,108.7275,238.3008,20000.0,5908.66,29.5492,3820479.2,1.12
2025-09-11,ZGM,2025-09-11 15:09:21,2025-09-11 19:50:00,4.2109,3.0524,4749.5221,20000.0,-5526.54,-27.514,3814880.72,8.63
2025-09-11,ZGM,2025-09-11 15:15:37,2025-09-11 19:50:00,4.1353,3.0524,4836.4395,20000.0,-5261.68,-26.1875,3809619.04,7.0
2025-09-11,ZGM,2025-09-11 15:20:04,2025-09-11 19:50:00,4.1657,3.0524,4801.085,20000.0,-5369.41,-26.727,3804249.63,1.97
2025-09-18,FBYD,2025-09-18 14:15:55,2025-09-18 19:50:00,13.9909,14.384,1429.4999,20000.0,554.71,2.8093,3804792.63,5.3
2025-09-18,BREA,2025-09-18 15:34:35,2025-09-18 19:50:00,21.9391,25.6245,911.6123,20000.0,3355.03,16.798,3808147.66,18.04
2025-09-19,PLTS,2025-09-19 15:34:58,2025-09-19 19:50:00,5.5074,7.2319,3631.4776,20000.0,6244.24,31.312,3814373.74,27.91
2025-09-22,LNZA,2025-09-22 14:03:26,2025-09-22 19:50:00,18.3211,23.2817,1091.6345,20000.0,5409.59,27.0753,3819777.88,9.75
2025-09-29,WOLF,2025-09-29 15:44:23,2025-09-29 19:50:00,19.095,18.354,1047.3946,20000.0,-781.36,-3.8806,3818991.28,4.33
2025-09-30,CHOW,2025-09-30 13:48:49,2025-09-30 19:50:00,5.498,6.4139,3637.7175,20000.0,3313.86,16.6602,3822286.95,2.38
2025-10-06,SPRB,2025-10-06 14:25:29,2025-10-06 19:50:00,38.8784,152.1387,514.4241,20000.0,58261.25,291.3191,3948989.59,1.47
2025-10-06,SPRB,2025-10-06 14:19:54,2025-10-06 19:50:00,34.4011,152.1387,581.3759,20000.0,68446.87,342.2489,3890728.34,1.99
2025-10-07,NITO,2025-10-07 13:48:41,2025-10-07 19:50:00,4.422,4.6101,4522.8403,20000.0,828.34,4.2548,3949719.13,2.64
2025-10-07,NITO,2025-10-07 13:57:03,2025-10-07 19:50:00,4.62,4.6101,4329.0184,20000.0,-64.24,-0.213,3949654.89,1.64
2025-10-07,NITO,2025-10-07 14:06:48,2025-10-07 19:50:00,4.5053,4.6101,4439.2017,20000.0,443.17,2.3268,3950098.06,2.35
2025-10-07,AGRZ,2025-10-07 14:07:16,2025-10-07 19:50:00,3.4264,4.1696,5836.9501,20000.0,4308.27,21.6873,3954406.33,1.54
2025-10-07,BQ,2025-10-07 15:00:33,2025-10-07 19:50:00,31.5972,11.8703,632.9675,20000.0,-12489.68,-62.4326,3941916.64,2.94
2025-10-09,BRLS,2025-10-09 14:00:57,2025-10-09 19:50:00,3.8204,3.2607,5235.0443,20000.0,-2956.12,-14.6497,3938934.35,19.84
2025-10-13,XCH,2025-10-13 13:57:19,2025-10-13 19:50:00,1.147,1.7257,17436.6928,20000.0,10002.88,50.4503,3948833.09,1.53
2025-10-13,STI,2025-10-13 14:28:48,2025-10-13 19:50:00,10.9545,21.1676,1825.7337,20000.0,18637.36,93.2324,3967470.45,2.82
2025-10-13,STI,2025-10-13 15:04:17,2025-10-13 19:50:00,12.7736,21.1676,1565.7354,20000.0,13135.11,65.7147,3980605.56,1.15
2025-10-17,RANI,2025-10-17 15:32:13,2025-10-17 19:50:00,1.7386,1.6559,11503.1778,20000.0,-1008.83,-4.7566,3979539.21,2.33
2025-10-24,JL,2025-10-24 16:00:41,2025-10-24 19:50:00,6.6652,6.394,3000.6782,20000.0,-828.74,-4.0687,3978695.46,1.51
2025-10-29,CMBM,2025-10-29 15:50:53,2025-10-29 19:50:00,1.7185,2.9426,11637.7178,20000.0,14187.25,71.2272,4059239.57,1.27
2025-10-29,CMBM,2025-10-29 15:39:06,2025-10-29 19:50:00,1.9145,2.9426,10446.4554,20000.0,10687.77,53.7,4045052.32,1.23
2025-10-29,CMBM,2025-10-29 15:06:06,2025-10-29 19:50:00,1.8895,2.9426,10584.808,20000.0,11094.2,55.7356,4034364.55,1.35
2025-10-29,CMBM,2025-10-29 14:23:37,2025-10-29 19:50:00,1.7085,2.9426,11706.175,20000.0,14388.35,72.2344,4012662.92,1.18
2025-10-29,CMBM,2025-10-29 14:01:01,2025-10-29 19:50:00,2.0435,2.9426,9787.2904,20000.0,8751.39,44.0016,3998274.57,4.64
2025-10-29,CMBM,2025-10-29 13:52:49,2025-10-29 19:50:00,1.8829,2.9426,10622.0964,20000.0,11203.74,56.2842,3989523.18,3.72
2025-10-29,CMBM,2025-10-29 14:59:18,2025-10-29 19:50:00,1.9195,2.9426,10419.1086,20000.0,10607.43,53.2976,4023270.36,1.93
2025-10-30,BQ,2025-10-30 14:24:10,2025-10-30 19:50:00,8.7485,17.6907,2286.0997,20000.0,20431.19,102.2131,4079647.89,1.23
2025-10-30,BQ,2025-10-30 14:47:09,2025-10-30 19:50:00,8.7436,17.6907,2287.3872,20000.0,20453.96,102.327,4100101.85,1.9
2025-10-31,APLM,2025-10-31 14:20:59,2025-10-31 19:50:00,13.5675,14.6433,1474.1109,20000.0,1578.48,7.9292,4101672.96,2.21
2025-11-12,LPTX,2025-11-12 15:28:19,2025-11-12 20:50:00,1.055,2.1865,18956.4655,20000.0,21353.91,107.2435,4122932.09,1.55
2025-11-19,WSHP,2025-11-19 15:55:27,2025-11-19 20:50:00,48.9435,203.49,408.6344,20000.0,63150.98,315.7651,4186081.02,1.71
2025-11-20,SGBX,2025-11-20 14:45:14,2025-11-20 20:50:00,7.839,3.9701,2551.3458,20000.0,-9883.79,-49.3551,4176171.4,1.09
2025-11-20,SGBX,2025-11-20 14:57:18,2025-11-20 20:50:00,7.648,3.9701,2615.0457,20000.0,-9631.21,-48.0907,4166540.19,1.09
2025-11-24,CJET,2025-11-24 15:00:17,2025-11-24 20:50:00,2.7438,1.2883,7289.2925,20000.0,-10645.86,-53.0471,4144683.93,1.28
2025-11-24,INHD,2025-11-24 14:46:25,2025-11-24 20:50:00,26.532,11.7186,753.8067,20000.0,-11170.19,-55.8321,4155329.79,1.06
2025-11-26,SMX,2025-11-26 15:43:56,2025-11-26 20:50:00,45.7844,75.2513,436.8302,20000.0,12869.85,64.3602,4177374.83,4.41
2025-11-26,SMX,2025-11-26 15:54:37,2025-11-26 20:50:00,48.6306,75.2513,411.2633,20000.0,10946.04,54.7405,4188320.88,11.71
2025-11-26,SMX,2025-11-26 15:38:32,2025-11-26 20:50:00,37.7857,75.2513,529.3009,20000.0,19827.94,99.1529,4164504.98,16.87
2025-12-01,FLYE,2025-12-01 15:12:27,2025-12-01 20:50:00,6.9747,12.9775,2867.5068,20000.0,17198.66,86.065,4232415.41,1.77
2025-12-01,FLYE,2025-12-01 14:44:34,2025-12-01 20:50:00,5.5275,12.9775,3618.2723,20000.0,26937.95,134.7802,4215216.75,1.02
2025-12-01,FLYE,2025-12-01 15:41:13,2025-12-01 20:50:00,10.3716,12.9775,1928.3428,20000.0,5015.38,25.1251,4237430.79,3.7
2025-12-05,TGL,2025-12-05 14:46:34,2025-12-05 20:50:00,8.643,26.0814,2314.0113,20000.0,40341.16,201.7637,4277760.38,8.02
2025-12-09,AFJK,2025-12-09 15:06:17,2025-12-09 20:50:00,12.9343,80.7974,1546.2702,20000.0,104926.88,524.6731,4382667.93,1.17
2025-12-09,AFJK,2025-12-09 15:29:31,2025-12-09 20:50:00,16.08,80.7974,1243.7811,20000.0,80488.06,402.4714,4463155.99,1.35
2025-12-09,AFJK,2025-12-09 15:35:19,2025-12-09 20:50:00,18.5925,80.7974,1075.7026,20000.0,66908.59,334.5699,4530064.59,2.08
2025-12-10,BBGI,2025-12-10 14:51:01,2025-12-10 20:50:00,8.5425,18.5834,2341.235,20000.0,23496.46,117.5408,4553513.76,1.09
2025-12-10,BBGI,2025-12-10 14:56:41,2025-12-10 20:50:00,9.658,18.5834,2070.8114,20000.0,18472.41,92.4138,4571986.18,1.18
2025-12-10,CHOW,2025-12-10 15:11:37,2025-12-10 20:50:00,12.0801,1.9352,1655.6154,20000.0,-16804.41,-83.9807,4555181.76,1.27
2025-12-10,CHOW,2025-12-10 15:17:08,2025-12-10 20:50:00,12.06,1.9352,1658.3748,20000.0,-16799.09,-83.954,4538382.68,1.44
2025-12-10,BBGI,2025-12-10 15:45:56,2025-12-10 20:50:00,11.5575,18.5834,1730.478,20000.0,12149.56,60.791,4550532.23,1.38
2025-12-16,MGRT,2025-12-16 15:42:35,2025-12-16 20:50:00,5.1958,5.4464,3849.2258,20000.0,944.98,4.8212,4551457.97,5.44
2025-12-17,PCSA,2025-12-17 15:13:36,2025-12-17 20:50:00,7.9596,6.0848,2512.6891,20000.0,-4723.23,-23.5533,4546707.65,7.66
2025-12-17,PCSA,2025-12-17 15:51:15,2025-12-17 20:50:00,6.8842,6.0848,2905.1821,20000.0,-2336.93,-11.612,4544370.73,1.27
2025-12-18,MGRT,2025-12-18 15:56:45,2025-12-18 20:50:00,9.5073,8.2294,2103.6467,20000.0,-2698.82,-13.4415,4541661.39,2.42
2025-12-22,FJET,2025-12-22 14:44:42,2025-12-22 20:50:00,10.1505,28.9973,1970.3463,20000.0,37124.92,185.6739,4578767.7,2.24
2025-12-22,FJET,2025-12-22 15:56:57,2025-12-22 20:50:00,11.4208,28.9973,1751.1877,20000.0,30771.0,153.8988,4609538.7,1.33
2025-12-26,ASPC,2025-12-26 15:06:15,2025-12-26 20:50:00,30.6198,26.1944,653.1713,20000.0,-2893.87,-14.453,4605787.66,1.76
2025-12-26,ASPC,2025-12-26 14:52:04,2025-12-26 20:50:00,28.6123,26.1944,698.9989,20000.0,-1693.67,-8.4509,4607834.29,3.68
2025-12-26,ASPC,2025-12-26 14:58:38,2025-12-26 20:50:00,25.125,26.1944,796.0199,20000.0,847.24,4.2561,4608681.53,1.03
2026-01-08,ERAS,2026-01-08 15:42:51,2026-01-08 20:50:00,5.0652,6.1148,3948.5114,20000.0,4124.52,20.7213,4609892.44,2.17
2026-01-12,EVTV,2026-01-12 15:29:05,2026-01-12 20:50:00,1.4874,2.2544,13446.2821,20000.0,10245.39,51.5631,4620070.6,1.85
2026-01-15,MLEC,2026-01-15 15:21:29,2026-01-15 20:50:00,3.7888,7.8404,5278.6466,20000.0,21360.04,106.9322,4641404.25,1.34
2026-01-20,SEGG,2026-01-20 14:42:59,2026-01-20 20:50:00,1.3473,1.7918,14844.4708,20000.0,6524.24,32.9923,4647854.26,1.9
2026-01-29,TCGL,2026-01-29 15:03:54,2026-01-29 20:50:00,9.6982,90.6728,2062.2277,20000.0,166977.55,834.9393,4814790.6,2.88
2026-01-29,NNNN,2026-01-29 15:33:26,2026-01-29 20:50:00,20.904,28.728,956.7547,20000.0,7480.86,37.4282,4822271.47,11.33
2026-01-29,ANL,2026-01-29 15:47:49,2026-01-29 20:50:00,3.829,6.5137,5223.2277,20000.0,13996.29,70.112,4836267.76,2.23
2026-01-30,ELPW,2026-01-30 15:04:08,2026-01-30 20:50:00,43.2552,1170.666,462.3722,20000.0,521281.05,2606.4168,5357544.49,1.51
2026-01-30,ELPW,2026-01-30 15:36:32,2026-01-30 20:50:00,129.444,1170.666,154.507,20000.0,160875.05,804.3803,5518419.55,5.49
2026-01-30,ELPW,2026-01-30 15:41:57,2026-01-30 20:50:00,151.152,1170.666,132.3171,20000.0,134898.17,674.4959,5653317.72,3.91
2026-02-04,PHOE,2026-02-04 14:51:26,2026-02-04 20:50:00,24.8938,18.9725,803.4113,20000.0,-4761.34,-23.7866,5648552.37,7.26
2026-02-11,NCI,2026-02-11 15:02:43,2026-02-11 20:50:00,1.0045,2.6434,19910.4527,20000.0,32531.24,163.154,5680885.54,1.68
2026-02-11,NCI,2026-02-11 15:07:58,2026-02-11 20:50:00,1.0151,2.6434,19703.4629,20000.0,31985.12,160.4182,5712870.66,4.66
2026-02-26,CZR,2026-02-26 15:38:51,2026-02-26 20:50:00,21.9894,24.2891,909.5291,20000.0,2087.12,10.4583,5714953.24,2.79
2026-03-03,BRAI,2026-03-03 14:55:14,2026-03-03 20:50:00,18.0297,28.1694,1109.2808,20000.0,11242.23,56.2389,5726184.44,1.8
2026-03-03,BRAI,2026-03-03 14:58:17,2026-03-03 20:50:00,18.2508,28.1694,1095.8424,20000.0,10863.74,54.3461,5737048.18,1.44
2026-03-09,GSIW,2026-03-09 13:46:36,2026-03-09 19:50:00,9.7334,34.9125,2054.7752,20000.0,51727.06,258.6867,5788733.85,2.66
2026-03-09,GSIW,2026-03-09 14:00:32,2026-03-09 19:50:00,10.7535,34.9125,1859.8596,20000.0,44923.05,224.6617,5833656.9,5.14
2026-03-09,GSIW,2026-03-09 14:08:34,2026-03-09 19:50:00,10.7535,34.9125,1859.8596,20000.0,44923.05,224.6617,5878579.95,12.14
2026-03-09,GSIW,2026-03-09 14:55:14,2026-03-09 19:50:00,15.075,34.9125,1326.6998,20000.0,26311.77,131.592,5904891.72,2.23
2026-03-09,GSIW,2026-03-09 15:09:54,2026-03-09 19:50:00,16.9845,34.9125,1177.5442,20000.0,21105.13,105.5551,5925996.85,3.98
2026-03-11,AMCI,2026-03-11 15:58:18,2026-03-11 19:50:00,7.236,7.3017,2763.958,20000.0,167.77,0.908,5926150.8,2.14
2026-03-16,WNW,2026-03-16 15:21:58,2026-03-16 19:50:00,552.6294,214.4625,36.1906,20000.0,-12239.47,-61.1923,5913902.04,1.19
2026-03-16,LNZA,2026-03-16 15:27:49,2026-03-16 19:50:00,12.06,13.3765,1658.3748,20000.0,2174.92,10.916,5916076.96,1.64
2026-03-23,VRM,2026-03-23 15:04:43,2026-03-23 19:50:00,13.7182,12.8079,1457.9119,20000.0,-1334.5,-6.6361,5914735.17,4.02
2026-03-25,UGRO,2026-03-25 15:46:45,2026-03-25 19:50:00,15.0951,36.2092,1324.9333,20000.0,27968.21,139.8742,6212452.61,2.84
2026-03-25,UGRO,2026-03-25 15:36:05,2026-03-25 19:50:00,15.0348,36.2092,1330.2472,20000.0,28160.6,140.8363,6184484.39,1.77
2026-03-25,UGRO,2026-03-25 15:28:53,2026-03-25 19:50:00,13.4569,36.2092,1486.2209,20000.0,33807.51,169.0747,6156323.79,2.49
2026-03-25,UGRO,2026-03-25 15:08:09,2026-03-25 19:50:00,11.2811,36.2092,1772.8728,20000.0,44185.53,220.972,6122516.28,1.43
2026-03-25,UGRO,2026-03-25 14:57:50,2026-03-25 19:50:00,11.0851,36.2092,1804.2155,20000.0,45320.27,226.6465,6078330.75,4.0
2026-03-25,UGRO,2026-03-25 14:45:12,2026-03-25 19:50:00,9.4929,36.2092,2106.8314,20000.0,56276.25,281.4339,6033010.48,1.06
2026-03-25,UGRO,2026-03-25 14:34:30,2026-03-25 19:50:00,8.8239,36.2092,2266.5715,20000.0,62059.52,310.3543,5976734.23,2.73
2026-03-27,ARTL,2026-03-27 13:58:08,2026-03-27 19:50:00,12.06,10.9326,1658.3748,20000.0,-1877.94,-9.3483,6210566.37,1.55
2026-04-01,SST,2026-04-01 14:19:11,2026-04-01 19:50:00,3.226,5.2718,6199.5319,20000.0,12651.62,63.4131,6223186.99,1.49
2026-04-09,AFJK,2026-04-09 14:55:05,2026-04-09 19:50:00,50.2751,65.7452,397.811,20000.0,6152.19,30.7709,6229320.41,25.2
2026-04-09,BBGI,2026-04-09 15:47:15,2026-04-09 19:50:00,5.9596,10.9726,3355.9018,20000.0,16806.19,84.1148,6246126.6,1.48
2026-04-13,RMSG,2026-04-13 15:55:24,2026-04-13 19:50:00,1.5376,2.3941,13006.8611,20000.0,11074.69,55.6986,6257136.25,2.2
2026-04-14,SNAL,2026-04-14 13:57:33,2026-04-14 19:50:00,1.1156,1.9152,17928.3761,20000.0,14246.78,71.6821,6271293.4,1.14
2026-04-16,ONFO,2026-04-16 14:00:07,2026-04-16 19:50:00,1.417,1.6309,14113.828,20000.0,2947.85,15.0921,6274170.68,2.44
2026-05-08,ANPA,2026-05-08 16:07:13,2026-05-08 19:50:00,8.04,7.0723,2487.5622,20000.0,-2419.71,-12.0364,6239463.83,14.87
2026-05-08,ANPA,2026-05-08 15:55:07,2026-05-08 19:50:00,8.5023,7.0723,2352.3047,20000.0,-3375.62,-16.8193,6241883.55,13.57
2026-05-08,ANPA,2026-05-08 15:54:24,2026-05-08 19:50:00,9.447,7.0723,2117.0742,20000.0,-5038.05,-25.1373,6245259.16,13.5
2026-05-08,AEHL,2026-05-08 15:50:37,2026-05-08 19:50:00,2.01,1.2269,9950.2488,20000.0,-7841.54,-38.959,6250297.22,2.41
2026-05-08,STFS,2026-05-08 15:37:09,2026-05-08 19:50:00,8.844,10.2743,2261.4202,20000.0,3223.09,16.172,6258138.76,2.75
2026-05-08,ANPA,2026-05-08 16:16:06,2026-05-08 19:50:00,7.1355,7.0723,2802.887,20000.0,-191.23,-0.8861,6239272.61,7.41
2026-05-08,STFS,2026-05-08 15:24:17,2026-05-08 19:50:00,11.3263,10.2743,1765.7939,20000.0,-1866.62,-9.289,6254820.96,3.22
2026-05-08,STFS,2026-05-08 15:17:40,2026-05-08 19:50:00,11.5675,10.2743,1728.9746,20000.0,-2244.73,-11.1804,6256687.58,4.72
2026-05-08,AEHL,2026-05-08 14:40:15,2026-05-08 19:50:00,1.6683,1.2269,11988.2515,20000.0,-5351.26,-26.4566,6258932.31,1.37
2026-05-08,NEPH,2026-05-08 14:02:26,2026-05-08 19:50:00,3.7587,3.3815,5320.9886,20000.0,-2033.55,-10.0347,6264283.57,19.19
2026-05-08,PHOE,2026-05-08 13:53:34,2026-05-08 19:50:00,40.0191,24.7829,499.7614,20000.0,-7616.97,-38.0724,6266317.12,3.32
2026-05-08,STFS,2026-05-08 15:30:40,2026-05-08 19:50:00,10.2208,10.2743,1956.7844,20000.0,94.71,0.5225,6254915.67,1.62
2026-05-08,STFS,2026-05-08 18:07:49,2026-05-08 19:50:00,9.5877,10.2743,2086.006,20000.0,1421.72,7.1607,6240694.33,4.48
