trade_num,date,symbol,entry_ts,exit_ts,entry_px,exit_px,ret_pct,rvol,BOD_equity,pos_size,gross_pnl,commission,net_pnl,equity_after,positions_today
1,2021-04-23,OCGN,2021-04-23 15:00:39,2021-04-23 19:50:00,11.3162,9.6871,-14.396,1.46,900.0,90.0,-12.96,2.0,-14.96,885.04,1
2,2021-04-30,BTX,2021-04-30 15:25:43,2021-04-30 19:50:00,950.127,964.2254,1.4838,1.16,885.04,88.5,1.31,2.0,-0.69,884.36,1
3,2021-05-04,BLRX,2021-05-04 13:51:55,2021-05-04 19:50:00,235.572,201.0162,-14.6689,1.4,884.36,88.44,-12.97,2.0,-14.97,869.38,1
4,2021-05-06,LEDS,2021-05-06 14:18:35,2021-05-06 19:50:00,8.1606,10.0498,23.1504,2.34,869.38,86.94,20.13,2.0,18.13,887.51,1
5,2021-05-06,LEDS,2021-05-06 15:19:33,2021-05-06 19:50:00,11.2159,10.0498,-10.3967,1.06,869.38,86.94,-9.04,2.0,-11.04,876.47,2
6,2021-05-14,IHT,2021-05-14 15:42:12,2021-05-14 19:50:00,7.5339,6.6533,-11.688,1.66,876.47,87.65,-10.24,2.0,-12.24,864.23,1
7,2021-06-07,HOOK,2021-06-07 15:48:25,2021-06-07 19:50:00,180.5985,127.1813,-29.5779,3.15,864.23,86.42,-25.56,2.0,-27.56,836.67,1
8,2021-07-08,LMFA,2021-07-08 13:55:38,2021-07-08 19:50:00,25.3863,32.8576,29.4306,4.18,836.67,83.67,24.62,2.0,22.62,859.29,1
9,2021-07-08,COHN,2021-07-08 14:01:13,2021-07-08 19:50:00,26.13,27.0821,3.6438,1.03,836.67,83.67,3.05,2.0,1.05,860.34,2
10,2021-07-08,MITQ,2021-07-08 15:22:03,2021-07-08 19:50:00,19.9358,21.7454,9.0772,3.82,836.67,83.67,7.59,2.0,5.59,865.93,3
11,2021-07-08,MITQ,2021-07-08 15:42:19,2021-07-08 19:50:00,18.09,21.7454,20.2067,1.12,836.67,83.67,16.91,2.0,14.91,880.84,4
12,2021-07-09,MTSL,2021-07-09 14:28:18,2021-07-09 19:50:00,7.5777,9.0573,19.5257,2.76,880.84,88.08,17.2,2.0,15.2,896.04,1
13,2021-07-12,MDIA,2021-07-12 13:50:57,2021-07-12 19:50:00,5.0353,15.576,209.3384,2.18,896.04,89.6,187.58,2.0,185.58,1081.61,1
14,2021-07-20,NURO,2021-07-20 14:41:03,2021-07-20 19:50:00,35.6172,83.7102,135.0275,1.94,1081.61,108.16,146.05,2.0,144.05,1225.66,1
15,2021-07-20,NURO,2021-07-20 15:19:44,2021-07-20 19:50:00,42.8532,83.7102,95.3418,2.22,1081.61,108.16,103.12,2.0,101.12,1326.78,2
16,2021-07-22,IPA,2021-07-22 14:37:14,2021-07-22 19:50:00,9.1164,13.4264,47.2776,1.6,1326.78,132.68,62.73,2.0,60.73,1387.51,1
17,2021-07-26,PRFX,2021-07-26 14:13:19,2021-07-26 19:50:00,4667.0994,4009.95,-14.0805,7.06,1387.51,138.75,-19.54,2.0,-21.54,1365.97,1
18,2021-08-10,SCPE,2021-08-10 15:56:38,2021-08-10 19:50:00,11.8992,14.4214,21.196,1.37,1365.97,136.6,28.95,2.0,26.95,1392.93,1
19,2021-08-12,FRLN,2021-08-12 14:54:03,2021-08-12 19:50:00,57.1342,58.3538,2.1344,1.34,1392.93,139.29,2.97,2.0,0.97,1393.9,1
20,2021-08-13,SESN,2021-08-13 15:47:21,2021-08-13 19:50:00,119.394,41.895,-64.9103,1.1,1393.9,139.39,-90.48,2.0,-92.48,1301.42,1
21,2021-08-13,GRNVU,2021-08-13 15:49:24,2021-08-13 19:50:00,17.6378,18.1645,2.9864,40.41,1393.9,139.39,4.16,2.0,2.16,1303.58,2
22,2021-08-17,VRPX,2021-08-17 13:42:53,2021-08-17 19:50:00,2077.335,3678.2563,77.0661,7.14,1303.58,130.36,100.46,2.0,98.46,1402.05,1
23,2021-08-26,TSRI,2021-08-26 15:59:32,2021-08-26 19:50:00,10.261,10.0349,-2.2045,3.04,1402.05,140.2,-3.09,2.0,-5.09,1396.96,1
24,2021-08-27,SPRT,2021-08-27 15:19:39,2021-08-27 19:50:00,40.8619,30.2542,-25.9599,2.26,1396.96,139.7,-36.26,2.0,-38.26,1358.69,1
25,2021-09-07,NMTC,2021-09-07 14:21:33,2021-09-07 19:50:00,35.6976,31.5404,-11.6457,14.97,1358.69,135.87,-15.82,2.0,-17.82,1340.87,1
26,2021-09-07,NMTC,2021-09-07 14:34:18,2021-09-07 19:50:00,37.714,31.5404,-16.3697,1.94,1358.69,135.87,-22.24,2.0,-24.24,1316.63,2
27,2021-09-13,TMC,2021-09-13 14:00:30,2021-09-13 19:50:00,9.8491,12.349,25.3815,2.34,1316.63,131.66,33.42,2.0,31.42,1348.04,1
28,2021-09-15,INDP,2021-09-15 13:49:13,2021-09-15 19:50:00,408.5956,303.0405,-25.8336,1.59,1348.04,134.8,-34.82,2.0,-36.82,1311.22,1
29,2021-09-23,RHE,2021-09-23 15:36:01,2021-09-23 19:50:00,8.9847,10.2144,13.6866,2.82,1311.22,131.12,17.95,2.0,15.95,1327.17,1
30,2021-09-29,CEI,2021-09-29 15:27:59,2021-09-29 19:50:00,190.0103,169.0713,-11.02,1.38,1327.17,132.72,-14.63,2.0,-16.63,1310.54,1
31,2021-10-26,BIMI,2021-10-26 14:07:27,2021-10-26 19:50:00,34.2253,103.74,203.1093,1.48,1310.54,131.05,266.18,2.0,264.18,1574.72,1
32,2021-10-29,BTBT,2021-10-29 15:55:17,2021-10-29 19:50:00,10.3001,9.7955,-4.8999,1.27,1574.72,157.47,-7.72,2.0,-9.72,1565.01,1
33,2021-11-18,LGVN,2021-11-18 14:42:42,2021-11-18 20:50:00,45.426,71.8699,58.2131,2.08,1565.01,156.5,91.1,2.0,89.1,1654.11,1
34,2021-11-24,LGVN,2021-11-24 15:40:53,2021-11-24 20:50:00,261.301,417.6533,59.8361,1.19,1654.11,165.41,98.98,2.0,96.98,1751.09,1
35,2021-12-06,IMPP,2021-12-06 15:15:40,2021-12-06 20:50:00,47.1848,95.7555,102.9374,3.94,1751.09,175.11,180.25,2.0,178.25,1929.34,1
36,2021-12-13,SEAC,2021-12-13 14:41:30,2021-12-13 20:50:00,15.7785,32.1195,103.565,1.97,1929.34,192.93,199.81,2.0,197.81,2127.15,1
37,2021-12-21,ALLR,2021-12-21 14:53:15,2021-12-21 20:50:00,14832594.0,8797950.0,-40.685,6.9,2127.15,212.72,-86.54,2.0,-88.54,2038.61,1
38,2021-12-21,ISPC,2021-12-21 15:15:45,2021-12-21 20:50:00,221.1,282.093,27.5862,1.11,2127.15,212.72,58.68,2.0,56.68,2095.29,2
39,2021-12-22,ENSC,2021-12-22 15:06:05,2021-12-22 20:50:00,11324.34,18673.2,64.8944,1.18,2095.29,209.53,135.97,2.0,133.97,2229.26,1
40,2021-12-22,ENSC,2021-12-22 15:14:29,2021-12-22 20:50:00,11107.26,18673.2,68.1171,2.42,2095.29,209.53,142.72,2.0,140.72,2369.99,2
41,2021-12-22,ENSC,2021-12-22 15:41:01,2021-12-22 20:50:00,11597.8608,18673.2,61.0056,4.66,2095.29,209.53,127.82,2.0,125.82,2495.81,3
42,2022-04-12,LIXT,2022-04-12 13:53:41,2022-04-12 19:50:00,41.808,19.152,-54.1906,1.57,2495.81,249.58,-135.25,2.0,-137.25,2358.56,1
43,2022-04-21,SWVL,2022-04-21 15:32:28,2022-04-21 19:50:00,188.4375,154.1836,-18.1779,2.71,2358.56,235.86,-42.87,2.0,-44.87,2313.69,1
44,2022-04-27,OST,2022-04-27 15:16:47,2022-04-27 19:50:00,5502.375,8069.0019,46.6458,4.39,2313.69,231.37,107.92,2.0,105.92,2419.61,1
45,2022-04-27,OST,2022-04-27 15:22:03,2022-04-27 19:50:00,5273.7375,8069.0019,53.0035,5.69,2313.69,231.37,122.63,2.0,120.63,2540.24,2
46,2022-05-02,CETXP,2022-05-02 15:40:07,2022-05-02 19:50:00,1.5642,0.9997,-36.0884,32.81,2540.24,254.02,-91.67,2.0,-93.67,2446.57,1
47,2022-05-02,SOUN,2022-05-02 15:59:37,2022-05-02 19:50:00,11.0085,9.2668,-15.8214,1.16,2540.24,254.02,-40.19,2.0,-42.19,2404.38,2
48,2022-05-10,BWV,2022-05-10 13:55:51,2022-05-10 19:50:00,4.9798,5.0183,0.7741,3.28,2404.38,240.44,1.86,2.0,-0.14,2404.24,1
49,2022-05-11,PEAR,2022-05-11 16:00:33,2022-05-11 19:50:00,4.4622,4.4489,-0.2992,1.53,2404.24,240.42,-0.72,2.0,-2.72,2401.52,1
50,2022-05-18,BGXX,2022-05-18 15:16:05,2022-05-18 19:50:00,22.4517,48.5683,116.3234,1.2,2401.52,240.15,279.35,2.0,277.35,2678.88,1
51,2022-05-18,BGXX,2022-05-18 15:45:29,2022-05-18 19:50:00,29.4465,48.5683,64.9373,2.21,2401.52,240.15,155.95,2.0,153.95,2832.82,2
52,2022-05-25,ENOB,2022-05-25 14:07:03,2022-05-25 19:50:00,6.0149,3.5511,-40.9619,6.72,2832.82,283.28,-116.04,2.0,-118.04,2714.79,1
53,2022-06-10,AFRI,2022-06-10 14:51:17,2022-06-10 19:50:00,11.055,8.8478,-19.9654,3.24,2714.79,271.48,-54.2,2.0,-56.2,2658.58,1
54,2022-06-13,BLTE,2022-06-13 13:55:28,2022-06-13 19:50:00,19.7985,22.5933,14.1161,1.11,2658.58,265.86,37.53,2.0,35.53,2694.11,1
55,2022-06-22,PEV,2022-06-22 15:40:01,2022-06-22 19:50:00,5.5878,5.586,-0.0322,1.07,2694.11,269.41,-0.09,2.0,-2.09,2692.03,1
56,2022-07-14,GRRR,2022-07-14 15:58:55,2022-07-14 19:50:00,268.8375,274.3125,2.0365,5.16,2692.03,269.2,5.48,2.0,3.48,2695.51,1
57,2022-07-20,NEWR,2022-07-20 15:07:44,2022-07-20 19:50:00,54.7624,61.3263,11.986,2.25,2695.51,269.55,32.31,2.0,30.31,2725.82,1
58,2022-07-21,ADXN,2022-07-21 14:53:37,2022-07-21 19:50:00,44.421,41.6955,-6.1356,1.64,2725.82,272.58,-16.72,2.0,-18.72,2707.09,1
59,2022-07-22,HKD,2022-07-22 15:21:13,2022-07-22 19:50:00,24.1099,62.0924,157.5384,1.18,2707.09,270.71,426.47,2.0,424.47,3131.56,1
60,2022-07-29,MGAM,2022-07-29 14:41:04,2022-07-29 19:50:00,4.8441,10.3341,113.3337,17.23,3131.56,313.16,354.91,2.0,352.91,3484.48,1
61,2022-08-01,LTRPB,2022-08-01 14:14:43,2022-08-01 19:50:00,23.9183,59.0919,147.0573,2.91,3484.48,348.45,512.42,2.0,510.42,3994.89,1
62,2022-08-01,LTRPB,2022-08-01 14:53:15,2022-08-01 19:50:00,22.9624,59.0919,157.3415,1.2,3484.48,348.45,548.25,2.0,546.25,4541.15,2
63,2022-08-01,LTRPB,2022-08-01 15:02:57,2022-08-01 19:50:00,23.042,59.0919,156.4526,1.32,3484.48,348.45,545.16,2.0,543.16,5084.3,3
64,2022-08-01,QRTEB,2022-08-01 15:59:39,2022-08-01 19:50:00,4.819,20.4488,324.3382,5.17,3484.48,348.45,1130.15,2.0,1128.15,6212.45,4
65,2022-08-02,APDN,2022-08-02 13:51:38,2022-08-02 19:50:00,1809.0,3301.725,82.5166,4.55,6212.45,621.24,512.63,2.0,510.63,6723.08,1
66,2022-08-02,APDN,2022-08-02 14:30:26,2022-08-02 19:50:00,2150.7,3301.725,53.5186,1.95,6212.45,621.24,332.48,2.0,330.48,7053.56,2
67,2022-08-02,APDN,2022-08-02 14:40:39,2022-08-02 19:50:00,2326.575,3301.725,41.9135,1.97,6212.45,621.24,260.39,2.0,258.39,7311.95,3
68,2022-08-02,APDN,2022-08-02 14:47:42,2022-08-02 19:50:00,2080.35,3301.725,58.7101,1.37,6212.45,621.24,364.73,2.0,362.73,7674.68,4
69,2022-08-04,APDN,2022-08-04 15:03:06,2022-08-04 19:50:00,4190.7495,6014.925,43.5286,1.25,7674.68,767.47,334.07,2.0,332.07,8006.75,1
70,2022-08-09,MTC,2022-08-09 14:47:17,2022-08-09 19:50:00,25.0044,23.2984,-6.8228,1.91,8006.75,800.67,-54.63,2.0,-56.63,7950.12,1
71,2022-08-10,BCAB,2022-08-10 14:25:56,2022-08-10 19:50:00,272.355,352.4417,29.4053,4.17,7950.12,795.01,233.78,2.0,231.78,8181.9,1
72,2022-08-10,ARTL,2022-08-10 15:06:46,2022-08-10 19:50:00,67.8393,72.1593,6.368,2.55,7950.12,795.01,50.63,2.0,48.63,8230.52,2
73,2022-08-11,HSCS,2022-08-11 13:56:19,2022-08-11 19:50:00,328.635,317.6439,-3.3445,1.07,8230.52,823.05,-27.53,2.0,-29.53,8200.99,1
74,2022-08-12,IMV,2022-08-12 14:35:57,2022-08-12 19:50:00,6.1305,7.7296,26.0848,14.92,8200.99,820.1,213.92,2.0,211.92,8412.92,1
75,2022-08-16,BBBY,2022-08-16 14:36:41,2022-08-16 19:50:00,17.9529,18.0004,0.2644,2.77,8412.92,841.29,2.22,2.0,0.22,8413.14,1
76,2022-08-19,GCT,2022-08-19 15:10:09,2022-08-19 19:50:00,43.1546,54.5633,26.4367,2.45,8413.14,841.31,222.42,2.0,220.42,8633.56,1
77,2022-08-19,GCT,2022-08-19 15:18:44,2022-08-19 19:50:00,48.7927,54.5633,11.8266,2.92,8413.14,841.31,99.5,2.0,97.5,8731.06,2
78,2022-08-19,GCT,2022-08-19 15:57:25,2022-08-19 19:50:00,48.8532,54.5633,11.6883,1.74,8413.14,841.31,98.34,2.0,96.34,8827.39,3
79,2022-09-01,PIXY,2022-09-01 14:44:07,2022-09-01 19:50:00,10951.686,7666.785,-29.9945,3.04,8827.39,882.74,-264.77,2.0,-266.77,8560.62,1
80,2022-09-14,HKD,2022-09-14 14:00:37,2022-09-14 19:50:00,49.8681,214.4625,330.0595,1.75,8560.62,856.06,2825.51,2.0,2823.51,11384.13,1
81,2022-09-14,HKD,2022-09-14 14:18:08,2022-09-14 19:50:00,51.3671,214.4625,317.5098,1.37,8560.62,856.06,2718.08,2.0,2716.08,14100.21,2
82,2022-09-14,HKD,2022-09-14 14:23:41,2022-09-14 19:50:00,51.7474,214.4625,314.4407,4.1,8560.62,856.06,2691.81,2.0,2689.81,16790.02,3
83,2022-09-14,HKD,2022-09-14 14:32:31,2022-09-14 19:50:00,59.6367,214.4625,259.615,4.81,8560.62,856.06,2222.46,2.0,2220.46,19010.48,4
84,2022-09-14,HKD,2022-09-14 14:38:01,2022-09-14 19:50:00,70.35,214.4625,204.8507,3.77,8560.62,856.06,1753.65,2.0,1751.65,20762.13,5
85,2022-09-14,HKD,2022-09-14 14:46:55,2022-09-14 19:50:00,71.8575,214.4625,198.4553,47.75,8560.62,856.06,1698.9,2.0,1696.9,22459.03,6
86,2022-09-14,HKD,2022-09-14 15:03:38,2022-09-14 19:50:00,61.3077,214.4625,249.8132,1.67,8560.62,856.06,2138.56,2.0,2136.56,24595.58,7
87,2022-09-14,HKD,2022-09-14 15:46:06,2022-09-14 19:50:00,60.907,214.4625,252.1146,1.18,8560.62,856.06,2158.26,2.0,2156.26,26751.84,8
88,2022-09-15,HKD,2022-09-15 14:05:42,2022-09-15 19:50:00,320.2705,116.7075,-63.5597,1.12,26751.84,2675.18,-1700.34,2.0,-1702.34,25049.5,1
89,2022-09-15,HKD,2022-09-15 15:29:52,2022-09-15 19:50:00,341.7,116.7075,-65.845,1.48,26751.84,2675.18,-1761.48,2.0,-1763.48,23286.03,2
90,2022-09-27,R,2022-09-27 14:51:19,2022-09-27 19:50:00,68.6666,75.7601,10.3303,1.06,23286.03,2328.6,240.55,2.0,238.55,23524.58,1
91,2022-09-28,PEPG,2022-09-28 14:50:55,2022-09-28 19:50:00,8.2008,10.5,28.0361,9.58,23524.58,2352.46,659.54,2.87,656.67,24181.25,1
92,2022-10-05,CNTQ,2022-10-05 14:56:51,2022-10-05 19:50:00,13.8388,22.8926,65.4229,1.77,24181.25,2418.12,1582.01,2.0,1580.01,25761.26,1
93,2022-10-14,GEHI,2022-10-14 14:12:28,2022-10-14 19:50:00,11.5575,8.9775,-22.3232,1.22,25761.26,2576.13,-575.07,2.23,-577.3,25183.95,1
94,2022-10-25,DUO,2022-10-25 14:54:32,2022-10-25 19:50:00,209.241,340.1395,62.5587,1.06,25183.95,2518.4,1575.48,2.0,1573.48,26757.43,1
95,2022-10-28,BHSE,2022-10-28 15:44:03,2022-10-28 19:50:00,17.9091,11.9401,-33.3296,3.34,26757.43,2675.74,-891.81,2.0,-893.81,25863.61,1
96,2022-11-03,HUDI,2022-11-03 15:33:31,2022-11-03 19:50:00,56.893,87.1516,53.1849,4.0,25863.61,2586.36,1375.55,2.0,1373.55,27237.17,1
97,2022-11-03,HUDI,2022-11-03 15:44:03,2022-11-03 19:50:00,48.6102,87.1516,79.2864,1.75,25863.61,2586.36,2050.63,2.0,2048.63,29285.8,2
98,2022-11-11,PIXY,2022-11-11 15:54:34,2022-11-11 20:50:00,4401.297,6176.52,40.3341,3.06,29285.8,2928.58,1181.22,2.0,1179.22,30465.02,1
99,2022-12-09,AMAM,2022-12-09 14:43:43,2022-12-09 20:50:00,1.407,4.439,215.4922,1.93,30465.02,3046.5,6564.97,21.65,6543.32,37008.34,1
100,2022-12-09,AMAM,2022-12-09 15:02:28,2022-12-09 20:50:00,1.819,4.439,144.0271,1.62,30465.02,3046.5,4387.79,16.75,4371.04,41379.38,2
101,2022-12-09,AMAM,2022-12-09 15:30:26,2022-12-09 20:50:00,2.613,4.439,69.8804,1.52,30465.02,3046.5,2128.91,11.66,2117.25,43496.63,3
102,2022-12-15,LANV,2022-12-15 15:47:45,2022-12-15 20:50:00,15.5775,7.3516,-52.8065,2.4,43496.63,4349.66,-2296.9,2.79,-2299.7,41196.93,1
103,2022-12-21,SINT,2022-12-21 15:14:07,2022-12-21 20:50:00,2627.07,2384.025,-9.2516,2.38,41196.93,4119.69,-381.14,2.0,-383.14,40813.79,1
104,2023-01-03,JSPR,2023-01-03 14:56:00,2023-01-03 20:50:00,21.6075,28.4687,31.7536,2.13,40813.79,4081.38,1295.98,2.0,1293.98,42107.78,1
105,2023-01-03,JSPR,2023-01-03 15:16:37,2023-01-03 20:50:00,18.09,28.4687,57.3723,7.76,40813.79,4081.38,2341.58,2.26,2339.32,44447.1,2
106,2023-01-03,NUZE,2023-01-03 15:59:13,2023-01-03 20:50:00,10.3869,9.5511,-8.0468,34.51,40813.79,4081.38,-328.42,3.93,-332.35,44114.75,3
107,2023-01-19,GNS,2023-01-19 15:25:34,2023-01-19 20:50:00,10.6028,20.6483,94.7443,2.7,44114.75,4411.48,4179.62,4.16,4175.46,48290.21,1
108,2023-01-20,COSM,2023-01-20 14:59:11,2023-01-20 20:50:00,3.7135,5.2979,42.6675,2.23,48290.21,4829.02,2060.42,13.0,2047.42,50337.63,1
109,2023-01-24,GNS,2023-01-24 15:10:18,2023-01-24 20:50:00,52.059,44.8865,-13.7776,1.89,50337.63,5033.76,-693.53,2.0,-695.53,49642.1,1
110,2023-02-03,KAL,2023-02-03 15:58:56,2023-02-03 20:50:00,6.834,7.9412,16.2013,10.51,49642.1,4964.21,804.27,7.26,797.0,50439.1,1
111,2023-02-06,SNES,2023-02-06 15:01:43,2023-02-06 20:50:00,642.798,575.757,-10.4296,21.54,50439.1,5043.91,-526.06,2.0,-528.06,49911.04,1
112,2023-02-16,LUNR,2023-02-16 15:20:18,2023-02-16 20:50:00,17.0548,41.8949,145.648,1.23,49911.04,4991.1,7269.44,2.93,7266.52,57177.56,1
113,2023-02-23,AMAM,2023-02-23 15:15:58,2023-02-23 20:50:00,5.8893,6.4342,9.2519,4.12,57177.56,5717.76,529.0,9.71,519.29,57696.85,1
114,2023-03-06,GNLX,2023-03-06 15:48:34,2023-03-06 20:50:00,19.8839,30.1544,51.6523,1.94,57696.85,5769.69,2980.18,2.9,2977.27,60674.12,1
115,2023-03-14,AMBI,2023-03-14 14:06:43,2023-03-14 19:50:00,8.3415,13.8353,65.8614,20.0,60674.12,6067.41,3996.08,7.27,3988.81,64662.93,1
116,2023-03-16,AUVIP,2023-03-16 15:37:29,2023-03-16 19:50:00,19.6176,22.3141,13.7452,8.5,64662.93,6466.29,888.8,3.3,885.51,65548.44,1
117,2023-03-22,BAOS,2023-03-22 14:01:39,2023-03-22 19:50:00,4.9747,3.3516,-32.6278,3.62,65548.44,6554.84,-2138.7,13.18,-2151.88,63396.56,1
118,2023-03-22,ZURA,2023-03-22 15:47:22,2023-03-22 19:50:00,15.3262,30.8327,101.1759,2.6,65548.44,6554.84,6631.92,4.28,6627.65,70024.21,2
119,2023-04-13,PKST,2023-04-13 15:48:23,2023-04-13 19:50:00,14.3815,10.8029,-24.8834,1.93,70024.21,7002.42,-1742.44,4.87,-1747.31,68276.9,1
120,2023-04-14,CNSP,2023-04-14 15:18:54,2023-04-14 19:50:00,21711.015,84388.5,288.6898,8.03,68276.9,6827.69,19710.84,2.0,19708.84,87985.75,1
121,2023-04-14,CNSP,2023-04-14 15:31:09,2023-04-14 19:50:00,24415.47,84388.5,245.6354,1.59,68276.9,6827.69,16771.22,2.0,16769.22,104754.97,2
122,2023-04-14,CNSP,2023-04-14 15:42:05,2023-04-14 19:50:00,36029.25,84388.5,134.2222,51.68,68276.9,6827.69,9164.28,2.0,9162.28,113917.25,3
123,2023-04-14,CNSP,2023-04-14 15:53:20,2023-04-14 19:50:00,47938.5,84388.5,76.0349,10.39,68276.9,6827.69,5191.43,2.0,5189.43,119106.67,4
124,2023-04-25,CNTG,2023-04-25 13:54:49,2023-04-25 19:50:00,1.2864,1.586,23.2917,1.61,119106.67,11910.67,2774.2,92.59,2681.61,121788.28,1
125,2023-05-01,BAOS,2023-05-01 14:13:07,2023-05-01 19:50:00,4.824,13.7655,185.3545,5.45,121788.28,12178.83,22574.01,25.25,22548.76,144337.04,1
126,2023-05-01,BAOS,2023-05-01 14:24:23,2023-05-01 19:50:00,4.9144,13.7655,180.1026,1.42,121788.28,12178.83,21934.39,24.78,21909.6,166246.64,2
127,2023-05-01,BAOS,2023-05-01 14:33:52,2023-05-01 19:50:00,4.824,13.7655,185.3545,2.66,121788.28,12178.83,22574.01,25.25,22548.76,188795.4,3
128,2023-05-01,BNSO,2023-05-01 15:07:53,2023-05-01 19:50:00,3.7486,3.9601,5.64,7.05,121788.28,12178.83,686.89,32.49,654.4,189449.8,4
129,2023-05-01,BAOS,2023-05-01 15:11:03,2023-05-01 19:50:00,4.6984,13.7655,192.9843,1.34,121788.28,12178.83,23503.23,25.92,23477.3,212927.11,5
130,2023-05-01,UTME,2023-05-01 15:25:26,2023-05-01 19:50:00,1.0854,2.1546,98.5075,9.83,121788.28,12178.83,11997.06,112.21,11884.85,224811.96,6
131,2023-05-01,BAOS,2023-05-01 15:25:42,2023-05-01 19:50:00,4.4485,13.7655,209.4392,2.9,121788.28,12178.83,25507.24,27.38,25479.86,250291.82,7
132,2023-05-01,UTME,2023-05-01 15:28:41,2023-05-01 19:50:00,1.216,2.1546,77.1802,1.32,121788.28,12178.83,9399.64,100.15,9299.49,259591.31,8
133,2023-05-01,UTME,2023-05-01 15:34:20,2023-05-01 19:50:00,1.1658,2.1546,84.8173,1.96,121788.28,12178.83,10329.75,104.47,10225.29,269816.6,9
134,2023-05-01,BAOS,2023-05-01 15:35:08,2023-05-01 19:50:00,4.432,13.7655,210.5899,1.37,121788.28,12178.83,25647.38,27.48,25619.9,295436.5,10
135,2023-05-03,KRBP,2023-05-03 15:12:15,2023-05-03 19:50:00,6.3566,5.3167,-16.3601,2.88,295436.5,29543.65,-4833.37,46.48,-4879.85,290556.65,1
136,2023-05-08,TRVN,2023-05-08 13:42:16,2023-05-08 19:50:00,22.7683,73.0669,220.9153,1.09,290556.65,29055.67,64188.41,12.76,64175.65,354732.3,1
137,2023-05-08,TRVN,2023-05-08 13:52:47,2023-05-08 19:50:00,29.8987,73.0669,144.381,1.47,290556.65,29055.67,41950.86,9.72,41941.14,396673.44,2
138,2023-05-08,TRVN,2023-05-08 13:58:53,2023-05-08 19:50:00,39.4462,73.0669,85.2315,1.19,290556.65,29055.67,24764.58,7.37,24757.21,421430.65,3
139,2023-05-08,TRVN,2023-05-08 14:23:22,2023-05-08 19:50:00,44.7727,73.0669,63.195,4.47,290556.65,29055.67,18361.73,6.49,18355.24,439785.89,4
140,2023-05-08,OMH,2023-05-08 15:15:10,2023-05-08 19:50:00,69.8475,265.335,279.8776,22.99,290556.65,29055.67,81320.3,4.16,81316.14,521102.03,5
141,2023-05-09,CUEN,2023-05-09 13:57:11,2023-05-09 19:50:00,5.9697,6.9177,15.8796,11.02,521102.03,52110.2,8274.89,87.29,8187.6,529289.63,1
142,2023-05-09,SFWL,2023-05-09 14:46:48,2023-05-09 19:50:00,10.261,9.4763,-7.6483,10.21,521102.03,52110.2,-3985.54,50.78,-4036.33,525253.3,2
143,2023-05-11,IZM,2023-05-11 14:18:56,2023-05-11 19:50:00,3.3064,2.5686,-22.3166,1.11,525253.3,52525.33,-11721.87,158.86,-11880.73,513372.57,1
144,2023-05-15,ELOX,2023-05-15 15:45:41,2023-05-15 19:50:00,4.0903,10.4339,155.0845,5.86,513372.57,51337.26,79616.13,125.51,79490.62,592863.19,1
145,2023-05-16,CYCN,2023-05-16 14:24:27,2023-05-16 19:50:00,4.3516,5.2668,21.03,1.08,592863.19,59286.32,12467.91,136.24,12331.67,605194.87,1
146,2023-05-18,PHIO,2023-05-18 13:57:55,2023-05-18 19:50:00,32.562,43.0471,32.2005,1.91,605194.87,60519.49,19487.58,18.59,19468.99,624663.86,1
147,2023-05-25,SDA,2023-05-25 15:24:41,2023-05-25 19:50:00,10.5525,14.5934,38.2935,2.08,624663.86,62466.39,23920.57,59.2,23861.37,648525.23,1
148,2023-05-25,SDA,2023-05-25 15:45:04,2023-05-25 19:50:00,10.6128,14.5934,37.5078,1.64,624663.86,62466.39,23429.77,58.86,23370.91,671896.13,2
149,2023-06-09,AHI,2023-06-09 15:01:17,2023-06-09 19:50:00,4.1406,8.778,111.9983,2.02,671896.13,67189.61,75251.22,162.27,75088.95,746985.09,1
150,2023-06-09,AHI,2023-06-09 15:12:09,2023-06-09 19:50:00,5.2264,8.778,67.9549,2.31,671896.13,67189.61,45658.63,128.56,45530.08,792515.16,2
151,2023-06-09,AHI,2023-06-09 15:20:12,2023-06-09 19:50:00,6.03,8.778,45.5721,2.28,671896.13,67189.61,30619.72,111.43,30508.29,823023.46,3
152,2023-06-09,AHI,2023-06-09 15:34:55,2023-06-09 19:50:00,6.834,8.778,28.446,2.04,671896.13,67189.61,19112.76,98.32,19014.44,842037.9,4
153,2023-07-10,GLTA.U,2023-07-10 15:25:45,2023-07-10 19:50:00,14.7132,13.3665,-9.153,4.7,842037.9,84203.79,-7707.17,57.23,-7764.4,834273.49,1
154,2023-07-13,GGAA,2023-07-13 14:37:15,2023-07-13 19:50:00,12.6933,21.5161,69.508,28.65,834273.49,83427.35,57988.68,65.73,57922.96,892196.45,1
155,2023-07-13,EDTXU,2023-07-13 15:15:18,2023-07-13 19:50:00,28.4917,38.4039,34.7897,1.23,834273.49,83427.35,29024.12,29.28,28994.84,921191.29,2
156,2023-07-13,GGAA,2023-07-13 15:18:00,2023-07-13 19:50:00,13.2409,21.5161,62.4974,1.58,834273.49,83427.35,52139.92,63.01,52076.92,973268.21,3
157,2023-07-13,EDTX,2023-07-13 15:18:04,2023-07-13 19:50:00,32.4012,43.112,33.0566,7.18,834273.49,83427.35,27578.25,25.75,27552.5,1000820.71,4
158,2023-07-14,PRFX,2023-07-14 14:19:20,2023-07-14 19:50:00,1394.136,1085.667,-22.1262,1.59,1000820.71,100000.0,-22126.2,2.0,-22128.2,978692.51,1
159,2023-07-14,FRLN,2023-07-14 14:24:27,2023-07-14 19:50:00,5.0853,5.8154,14.3576,1.2,1000820.71,100000.0,14357.6,196.65,14160.95,992853.46,2
160,2023-07-25,AURC,2023-07-25 15:28:05,2023-07-25 19:50:00,27.0546,35.8402,32.4735,1.96,992853.46,99285.35,32241.43,36.7,32204.73,1025058.19,1
161,2023-08-01,CTNT,2023-08-01 15:58:06,2023-08-01 19:50:00,64.4969,88.803,37.6858,2.02,1025058.19,100000.0,37685.8,15.5,37670.3,1062728.49,1
162,2023-08-08,BIOL,2023-08-08 15:37:50,2023-08-08 19:50:00,5.8893,6.9626,18.2237,14.04,1062728.49,100000.0,18223.7,169.8,18053.9,1080782.39,1
163,2023-08-14,TSHA,2023-08-14 15:22:08,2023-08-14 19:50:00,1.5678,2.01,28.2027,1.13,1080782.39,100000.0,28202.7,637.84,27564.86,1108347.25,1
164,2023-08-15,SRM,2023-08-15 15:14:35,2023-08-15 19:50:00,3.8994,4.9252,26.3055,1.76,1108347.25,100000.0,26305.5,256.45,26049.05,1134396.3,1
165,2023-08-15,SRM,2023-08-15 15:20:19,2023-08-15 19:50:00,3.7766,4.9252,30.4128,3.15,1108347.25,100000.0,30412.8,264.79,30148.01,1164544.31,2
166,2023-08-15,SPGC,2023-08-15 15:56:23,2023-08-15 19:50:00,2179.845,6912.675,217.1177,4.52,1108347.25,100000.0,217117.7,2.0,217115.7,1381660.01,3
167,2023-08-16,BAOS,2023-08-16 14:27:40,2023-08-16 19:50:00,6.5325,7.99,22.3111,13.35,1381660.01,100000.0,22311.1,153.08,22158.02,1403818.03,1
168,2023-08-16,DBGI,2023-08-16 15:29:17,2023-08-16 19:50:00,579.1312,974.4328,68.2577,1.83,1381660.01,100000.0,68257.7,2.0,68255.7,1472073.73,2
169,2023-08-28,FLAG.U,2023-08-28 14:42:09,2023-08-28 19:50:00,8.2108,9.975,21.4856,3.09,1472073.73,100000.0,21485.6,121.79,21363.81,1493437.54,1
170,2023-08-28,FLAG.U,2023-08-28 14:50:40,2023-08-28 19:50:00,8.1907,9.975,21.7837,1.19,1472073.73,100000.0,21783.7,122.09,21661.61,1515099.15,2
171,2023-08-31,DMS,2023-08-31 14:01:47,2023-08-31 19:50:00,3.4672,3.9302,13.3506,7.46,1515099.15,100000.0,13350.6,288.42,13062.18,1528161.33,1
172,2023-08-31,SQL,2023-08-31 14:03:15,2023-08-31 19:50:00,17.1855,21.0221,22.3247,4.39,1515099.15,100000.0,22324.7,58.19,22266.51,1550427.85,2
173,2023-08-31,ADTX,2023-08-31 14:59:39,2023-08-31 19:50:00,93857384.16,441852600.0,370.7702,13.64,1515099.15,100000.0,370770.2,2.0,370768.2,1921196.05,3
174,2023-08-31,ADTX,2023-08-31 15:53:47,2023-08-31 19:50:00,109930920.0,441852600.0,301.9366,2.47,1515099.15,100000.0,301936.6,2.0,301934.6,2223130.65,4
175,2023-09-01,ADTX,2023-09-01 13:56:02,2023-09-01 19:50:00,271829184.0,403618824.0,48.4825,1.2,2223130.65,100000.0,48482.5,2.0,48480.5,2271611.15,1
176,2023-09-01,ADTX,2023-09-01 15:10:10,2023-09-01 19:50:00,239467701.6,403618824.0,68.5483,1.02,2223130.65,100000.0,68548.3,2.0,68546.3,2340157.45,2
177,2023-09-05,DBGI,2023-09-05 14:49:09,2023-09-05 19:50:00,619.5825,770.0301,24.2821,3.32,2340157.45,100000.0,24282.1,2.0,24280.1,2364437.55,1
178,2023-09-06,HKIT,2023-09-06 14:04:22,2023-09-06 19:50:00,1537.65,205.485,-86.6364,3.25,2364437.55,100000.0,-86636.4,2.0,-86638.4,2277799.15,1
179,2023-09-06,HKIT,2023-09-06 14:48:03,2023-09-06 19:50:00,1533.8159,205.485,-86.603,1.82,2364437.55,100000.0,-86603.0,2.0,-86605.0,2191194.15,2
180,2023-09-18,DTOC,2023-09-18 14:54:33,2023-09-18 19:50:00,10.864,29.6258,172.6953,29.88,2191194.15,100000.0,172695.3,92.05,172603.25,2363797.4,1
181,2023-09-27,CMCT,2023-09-27 15:44:02,2023-09-27 19:50:00,100731.5101,107557.7121,6.7766,1.04,2363797.4,100000.0,6776.6,2.0,6774.6,2370572.0,1
182,2023-10-02,MNTS,2023-10-02 14:26:20,2023-10-02 19:50:00,820.0038,489.8266,-40.2653,2.48,2370572.0,100000.0,-40265.3,2.0,-40267.3,2330304.7,1
183,2023-10-05,MRTX,2023-10-05 14:30:21,2023-10-05 19:50:00,46.1697,61.6618,33.5546,1.38,2330304.7,100000.0,33554.6,21.66,33532.94,2363837.64,1
184,2023-10-06,ALXO,2023-10-06 15:01:53,2023-10-06 19:50:00,7.0852,8.3192,17.4151,2.48,2363837.64,100000.0,17415.1,141.14,17273.96,2381111.6,1
185,2023-10-11,TPST,2023-10-11 13:52:07,2023-10-11 19:50:00,15.3514,60.1044,291.5243,1.82,2381111.6,100000.0,291524.3,65.14,291459.16,2672570.76,1
186,2023-10-11,TPST,2023-10-11 14:20:33,2023-10-11 19:50:00,13.065,60.1044,360.041,2.54,2381111.6,100000.0,360041.0,76.54,359964.46,3032535.22,2
187,2023-10-11,TPST,2023-10-11 14:30:36,2023-10-11 19:50:00,12.1504,60.1044,394.6678,1.5,2381111.6,100000.0,394667.8,82.3,394585.5,3427120.72,3
188,2023-10-11,TPST,2023-10-11 14:38:51,2023-10-11 19:50:00,13.649,60.1044,340.3571,1.06,2381111.6,100000.0,340357.1,73.27,340283.83,3767404.55,4
189,2023-10-11,TPST,2023-10-11 14:44:18,2023-10-11 19:50:00,14.0122,60.1044,328.9427,1.05,2381111.6,100000.0,328942.7,71.37,328871.33,4096275.89,5
190,2023-10-11,TPST,2023-10-11 14:54:46,2023-10-11 19:50:00,15.8178,60.1044,279.9794,2.07,2381111.6,100000.0,279979.4,63.22,279916.18,4376192.07,6
191,2023-10-11,TPST,2023-10-11 15:12:10,2023-10-11 19:50:00,19.7281,60.1044,204.6629,1.2,2381111.6,100000.0,204662.9,50.69,204612.21,4580804.28,7
192,2023-10-11,TPST,2023-10-11 15:18:11,2023-10-11 19:50:00,18.9443,60.1044,217.2697,1.0,2381111.6,100000.0,217269.7,52.79,217216.91,4798021.19,8
193,2023-10-11,TPST,2023-10-11 15:39:10,2023-10-11 19:50:00,19.2055,60.1044,212.9531,1.64,2381111.6,100000.0,212953.1,52.07,212901.03,5010922.22,9
194,2023-10-12,OPGN,2023-10-12 13:48:13,2023-10-12 19:50:00,21.105,9.177,-56.5174,1.73,5010922.22,100000.0,-56517.4,47.38,-56564.78,4954357.44,1
195,2023-10-12,SECO,2023-10-12 13:53:03,2023-10-12 19:50:00,2.1808,0.9299,-57.3621,6.44,5010922.22,100000.0,-57362.1,458.55,-57820.65,4896536.79,2
196,2023-10-19,BFRI,2023-10-19 14:46:04,2023-10-19 19:50:00,5.5426,5.0975,-8.0297,1.27,4896536.79,100000.0,-8029.7,180.42,-8210.12,4888326.67,1
197,2023-10-24,FRBN,2023-10-24 15:04:45,2023-10-24 19:50:00,10.7535,20.2193,88.0255,4.11,4888326.67,100000.0,88025.5,92.99,87932.51,4976259.18,1
198,2023-10-26,FBYDP,2023-10-26 15:41:19,2023-10-26 19:50:00,17.487,14.9725,-14.3794,1.76,4976259.18,100000.0,-14379.4,57.19,-14436.59,4961822.59,1
199,2023-10-27,FRBNU,2023-10-27 14:07:20,2023-10-27 19:50:00,22.4115,27.93,24.6235,1.98,4961822.59,100000.0,24623.5,44.62,24578.88,4986401.47,1
200,2023-10-27,FRBNU,2023-10-27 14:12:49,2023-10-27 19:50:00,22.6124,27.93,23.5163,3.91,4961822.59,100000.0,23516.3,44.22,23472.08,5009873.55,2
201,2023-10-27,FRBN,2023-10-27 15:10:21,2023-10-27 19:50:00,39.195,28.6881,-26.8067,2.43,4961822.59,100000.0,-26806.7,25.51,-26832.21,4983041.34,3
202,2023-11-07,CDIO,2023-11-07 15:06:19,2023-11-07 20:50:00,26.532,43.3912,63.5431,2.4,4983041.34,100000.0,63543.1,37.69,63505.41,5046546.75,1
203,2023-11-07,CDIO,2023-11-07 15:14:29,2023-11-07 20:50:00,27.4365,43.3912,58.1515,2.79,4983041.34,100000.0,58151.5,36.45,58115.05,5104661.8,2
204,2023-11-08,RMCO,2023-11-08 14:48:17,2023-11-08 20:50:00,7.1455,8.1311,13.7928,1.25,5104661.8,100000.0,13792.8,139.95,13652.85,5118314.65,1
205,2023-11-10,JGGC,2023-11-10 15:59:24,2023-11-10 20:50:00,10.9545,9.8054,-10.4895,1.18,5118314.65,100000.0,-10489.5,91.29,-10580.79,5107733.86,1
206,2023-11-13,GDHG,2023-11-13 15:23:23,2023-11-13 20:50:00,463367.8125,308227.5,-33.481,5.11,5107733.86,100000.0,-33481.0,2.0,-33483.0,5074250.86,1
207,2023-11-13,GDHG,2023-11-13 15:55:51,2023-11-13 20:50:00,445277.8125,308227.5,-30.7786,1.04,5107733.86,100000.0,-30778.6,2.0,-30780.6,5043470.26,2
208,2023-11-16,KORE,2023-11-16 15:06:49,2023-11-16 20:50:00,2.312,3.4414,48.8482,5.44,5043470.26,100000.0,48848.2,432.53,48415.67,5091885.94,1
209,2023-11-16,KORE,2023-11-16 15:14:44,2023-11-16 20:50:00,2.3115,3.4414,48.8806,1.13,5043470.26,100000.0,48880.6,432.62,48447.98,5140333.92,2
210,2023-11-16,SGD,2023-11-16 15:47:00,2023-11-16 20:50:00,13.8127,63.6505,360.8106,1.2,5043470.26,100000.0,360810.6,72.4,360738.2,5501072.12,3
211,2023-11-28,SYRE,2023-11-28 14:54:25,2023-11-28 20:50:00,11.5575,13.9849,21.0032,1.07,5501072.12,100000.0,21003.2,86.52,20916.68,5521988.8,1
212,2023-11-29,VVOS,2023-11-29 15:11:29,2023-11-29 20:50:00,12.0399,37.3913,210.5614,1.65,5521988.8,100000.0,210561.4,83.06,210478.34,5732467.14,1
213,2023-11-29,YOSH,2023-11-29 15:26:04,2023-11-29 20:50:00,1.5633,2.4439,56.3302,1.82,5521988.8,100000.0,56330.2,639.67,55690.53,5788157.67,2
214,2023-11-29,CDT,2023-11-29 15:31:08,2023-11-29 20:50:00,1251194.85,1744418.025,39.4202,1.48,5521988.8,100000.0,39420.2,2.0,39418.2,5827575.87,3
215,2023-11-29,VVOS,2023-11-29 15:52:33,2023-11-29 20:50:00,14.6428,37.3913,155.3553,2.25,5521988.8,100000.0,155355.3,68.29,155287.01,5982862.87,4
216,2023-12-06,WBUY,2023-12-06 15:29:54,2023-12-06 20:50:00,8.0502,2.2444,-72.1201,2.09,5982862.87,100000.0,-72120.1,124.22,-72244.32,5910618.55,1
217,2023-12-14,ADEX.U,2023-12-14 15:38:39,2023-12-14 20:50:00,8.7435,7.9202,-9.4167,5.54,5910618.55,100000.0,-9416.7,114.37,-9531.07,5901087.48,1
218,2023-12-22,GMBL,2023-12-22 14:43:37,2023-12-22 20:50:00,4.9245,7.1777,45.7551,1.28,5901087.48,100000.0,45755.1,203.07,45552.03,5946639.52,1
219,2024-01-31,IFBD,2024-01-31 15:49:36,2024-01-31 20:50:00,5.7896,10.9326,88.8316,7.75,5946639.52,100000.0,88831.6,172.72,88658.88,6035298.39,1
220,2024-02-01,CCTG,2024-02-01 14:59:24,2024-02-01 20:50:00,221.1,39.3015,-82.2246,3.39,6035298.39,100000.0,-82224.6,4.52,-82229.12,5953069.27,1
221,2024-02-01,NEUE,2024-02-01 15:46:06,2024-02-01 20:50:00,11.9092,6.1844,-48.0706,1.57,6035298.39,100000.0,-48070.6,83.97,-48154.57,5904914.7,2
222,2024-02-07,HOLO,2024-02-07 15:57:34,2024-02-07 20:50:00,6086.28,8849.2614,45.3969,1.01,5904914.7,100000.0,45396.9,2.0,45394.9,5950309.6,1
223,2024-02-13,BGLC,2024-02-13 14:58:13,2024-02-13 20:50:00,22.11,18.5535,-16.0855,1.73,5950309.6,100000.0,-16085.5,45.23,-16130.73,5934178.87,1
224,2024-02-13,HOLO,2024-02-13 15:56:38,2024-02-13 20:50:00,20711.04,20269.5192,-2.1318,2.14,5950309.6,100000.0,-2131.8,2.0,-2133.8,5932045.07,2
225,2024-03-06,SWIN,2024-03-06 14:41:59,2024-03-06 20:50:00,23.2255,53.8151,131.7066,1.87,5932045.07,100000.0,131706.6,43.06,131663.54,6063708.62,1
226,2024-03-13,SWIN,2024-03-13 15:29:03,2024-03-13 19:50:00,56.8729,19.4513,-65.7988,1.43,6063708.62,100000.0,-65798.8,17.58,-65816.38,5997892.23,1
227,2024-03-15,OTLK,2024-03-15 15:22:53,2024-03-15 19:50:00,6.9244,8.2373,18.959,1.29,5997892.23,100000.0,18959.0,144.42,18814.58,6016706.82,1
228,2024-03-15,SOAR,2024-03-15 15:26:21,2024-03-15 19:50:00,112.8112,94.5131,-16.2201,1.27,5997892.23,100000.0,-16220.1,8.86,-16228.96,6000477.85,2
229,2024-03-27,GCTS,2024-03-27 14:06:47,2024-03-27 19:50:00,12.5625,40.8975,225.5522,1.55,6000477.85,100000.0,225552.2,79.6,225472.6,6225950.45,1
230,2024-03-27,GCTS,2024-03-27 14:50:13,2024-03-27 19:50:00,13.7785,40.8975,196.8201,3.73,6000477.85,100000.0,196820.1,72.58,196747.52,6422697.97,2
231,2024-03-27,GCTS,2024-03-27 15:11:25,2024-03-27 19:50:00,15.3765,40.8975,165.9741,1.41,6000477.85,100000.0,165974.1,65.03,165909.07,6588607.04,3
232,2024-03-28,NTRB,2024-03-28 15:30:44,2024-03-28 19:50:00,5.025,4.3641,-13.153,1.03,6588607.04,100000.0,-13153.0,199.0,-13352.0,6575255.03,1
233,2024-04-03,JZXN,2024-04-03 14:20:13,2024-04-03 19:50:00,1985.88,746.928,-62.3881,3.64,6575255.03,100000.0,-62388.1,2.0,-62390.1,6512864.93,1
234,2024-04-04,CADL,2024-04-04 15:20:46,2024-04-04 19:50:00,2.5728,6.2887,144.4317,1.09,6512864.93,100000.0,144431.7,388.68,144043.02,6656907.95,1
235,2024-04-05,BTTR,2024-04-05 14:53:34,2024-04-05 19:50:00,4.4722,8.3192,86.0171,3.13,6656907.95,100000.0,86017.1,223.6,85793.5,6742701.45,1
236,2024-04-18,BPTH,2024-04-18 13:58:15,2024-04-18 19:50:00,6.7362,4.0249,-40.2496,1.45,6742701.45,100000.0,-40249.6,148.45,-40398.05,6702303.4,1
237,2024-04-19,TRSG,2024-04-19 14:31:47,2024-04-19 19:50:00,8.2008,6.0847,-25.803,37.87,6702303.4,100000.0,-25803.0,121.94,-25924.94,6676378.46,1
238,2024-04-23,HCP,2024-04-23 14:03:57,2024-04-23 19:50:00,25.2858,29.6357,17.203,1.5,6676378.46,100000.0,17203.0,39.55,17163.45,6693541.91,1
239,2024-04-25,BACK,2024-04-25 14:56:24,2024-04-25 19:50:00,3.9898,5.3566,34.255,4.46,6693541.91,100000.0,34255.0,250.64,34004.36,6727546.27,1
240,2024-05-03,NUVO,2024-05-03 14:27:11,2024-05-03 19:50:00,4.3215,2.0195,-53.2677,1.29,6727546.27,100000.0,-53267.7,231.4,-53499.1,6674047.17,1
241,2024-05-10,LIDR,2024-05-10 14:37:51,2024-05-10 19:50:00,2.1003,2.6733,27.2788,1.97,6674047.17,100000.0,27278.8,476.12,26802.68,6700849.85,1
242,2024-05-14,GME,2024-05-14 14:26:24,2024-05-14 19:50:00,52.059,49.8052,-4.3294,1.3,6700849.85,100000.0,-4329.4,19.21,-4348.61,6696501.24,1
243,2024-05-14,MTC,2024-05-14 14:52:22,2024-05-14 19:50:00,56.4408,69.7851,23.643,2.01,6700849.85,100000.0,23643.0,17.72,23625.28,6720126.52,2
244,2024-05-14,MTC,2024-05-14 14:54:57,2024-05-14 19:50:00,52.4208,69.7851,33.1248,1.53,6700849.85,100000.0,33124.8,19.08,33105.72,6753232.25,3
245,2024-05-14,MTC,2024-05-14 15:08:08,2024-05-14 19:50:00,54.1092,69.7851,28.9709,1.23,6700849.85,100000.0,28970.9,18.48,28952.42,6782184.66,4
246,2024-05-16,FFIE,2024-05-16 14:21:06,2024-05-16 19:50:00,42.612,65.2365,53.0942,1.49,6782184.66,100000.0,53094.2,23.47,53070.73,6835255.4,1
247,2024-05-17,DUO,2024-05-17 14:09:53,2024-05-17 19:50:00,26.3712,25.8552,-1.9567,1.0,6835255.4,100000.0,-1956.7,37.92,-1994.62,6833260.78,1
248,2024-05-17,DUO,2024-05-17 14:17:39,2024-05-17 19:50:00,24.2808,25.8552,6.4841,1.81,6835255.4,100000.0,6484.1,41.18,6442.92,6839703.69,2
249,2024-05-17,FLJ,2024-05-17 15:09:32,2024-05-17 19:50:00,1.1827,1.4464,22.296,3.33,6835255.4,100000.0,22296.0,845.52,21450.48,6861154.17,3
250,2024-05-28,LPA,2024-05-28 13:52:45,2024-05-28 19:50:00,17.7584,28.4188,60.0305,2.67,6861154.17,100000.0,60030.5,56.31,59974.19,6921128.36,1
251,2024-05-28,LPA,2024-05-28 14:18:46,2024-05-28 19:50:00,20.1452,28.4188,41.0695,2.21,6861154.17,100000.0,41069.5,49.64,41019.86,6962148.22,2
252,2024-05-31,ADRT,2024-05-31 14:27:38,2024-05-31 19:50:00,18.6729,43.89,135.0465,6.3,6962148.22,100000.0,135046.5,53.55,134992.95,7097141.16,1
253,2024-05-31,ADRT,2024-05-31 14:30:22,2024-05-31 19:50:00,19.6417,43.89,123.4529,6.66,6962148.22,100000.0,123452.9,50.91,123401.99,7220543.15,2
254,2024-06-03,CCM,2024-06-03 14:27:04,2024-06-03 19:50:00,5.9566,8.4787,42.3413,7.56,7220543.15,100000.0,42341.3,167.88,42173.42,7262716.57,1
255,2024-06-04,ADRT,2024-06-04 14:50:01,2024-06-04 19:50:00,33.3157,24.0896,-27.693,5.19,7262716.57,100000.0,-27693.0,30.02,-27723.02,7234993.55,1
256,2024-06-04,LPA,2024-06-04 14:58:09,2024-06-04 19:50:00,402.0,194.8118,-51.5394,6.77,7262716.57,100000.0,-51539.4,2.49,-51541.89,7183451.67,2
257,2024-06-04,DHAC,2024-06-04 15:33:14,2024-06-04 19:50:00,22.0497,20.4488,-7.2606,14.67,7262716.57,100000.0,-7260.6,45.35,-7305.95,7176145.72,3
258,2024-06-05,ASNS,2024-06-05 14:12:52,2024-06-05 19:50:00,26.8335,39.6008,47.5795,1.31,7176145.72,100000.0,47579.5,37.27,47542.23,7223687.95,1
259,2024-06-05,ASNS,2024-06-05 14:34:13,2024-06-05 19:50:00,21.306,39.6008,85.8667,2.2,7176145.72,100000.0,85866.7,46.94,85819.76,7309507.71,2
260,2024-06-05,ASNS,2024-06-05 14:39:48,2024-06-05 19:50:00,23.919,39.6008,65.5619,1.19,7176145.72,100000.0,65561.9,41.81,65520.09,7375027.81,3
261,2024-06-05,ASNS,2024-06-05 14:46:18,2024-06-05 19:50:00,27.939,39.6008,41.74,3.29,7176145.72,100000.0,41740.0,35.79,41704.21,7416732.01,4
262,2024-06-05,ASNS,2024-06-05 14:51:44,2024-06-05 19:50:00,27.4365,39.6008,44.336,1.05,7176145.72,100000.0,44336.0,36.45,44299.55,7461031.57,5
263,2024-06-05,ASNS,2024-06-05 14:58:35,2024-06-05 19:50:00,30.753,39.6008,28.7704,3.18,7176145.72,100000.0,28770.4,32.52,28737.88,7489769.45,6
264,2024-06-05,ASNS,2024-06-05 15:47:26,2024-06-05 19:50:00,34.17,39.6008,15.8933,3.3,7176145.72,100000.0,15893.3,29.27,15864.03,7505633.48,7
265,2024-06-12,DDC,2024-06-12 14:24:22,2024-06-12 19:50:00,32.6625,42.1444,29.0299,1.73,7505633.48,100000.0,29029.9,30.62,28999.28,7534632.77,1
266,2024-06-13,ZAPP,2024-06-13 14:04:39,2024-06-13 19:50:00,1.8291,2.4938,36.3375,8.56,7534632.77,100000.0,36337.5,546.72,35790.78,7570423.55,1
267,2024-06-13,ZAPP,2024-06-13 14:26:22,2024-06-13 19:50:00,2.3115,2.4938,7.8845,2.1,7534632.77,100000.0,7884.5,432.62,7451.88,7577875.43,2
268,2024-06-13,ZAPP,2024-06-13 14:50:49,2024-06-13 19:50:00,2.5125,2.4938,-0.7463,2.19,7534632.77,100000.0,-746.3,398.01,-1144.31,7576731.12,3
269,2024-06-13,ZAPP,2024-06-13 15:28:13,2024-06-13 19:50:00,2.4723,2.4938,0.8676,2.08,7534632.77,100000.0,867.6,404.48,463.12,7577194.24,4
270,2024-10-07,SOBR,2024-10-07 15:20:26,2024-10-07 19:50:00,66.129,99.7051,50.7737,16.95,7577194.24,100000.0,50773.7,15.12,50758.58,7627952.82,1
271,2024-10-11,TCS,2024-10-11 15:34:50,2024-10-11 19:50:00,12.874,15.406,19.667,2.07,7627952.82,100000.0,19667.0,77.68,19589.32,7647542.14,1
272,2024-10-11,TCS,2024-10-11 15:40:17,2024-10-11 19:50:00,13.3134,15.406,15.7176,1.96,7627952.82,100000.0,15717.6,75.11,15642.49,7663184.63,2
273,2024-10-17,JDZG,2024-10-17 14:04:37,2024-10-17 19:50:00,170.8701,336.2174,96.7678,1.3,7663184.63,100000.0,96767.8,5.85,96761.95,7759946.58,1
274,2024-10-17,NUZE,2024-10-17 14:27:21,2024-10-17 19:50:00,1.0353,2.2942,121.6034,3.09,7663184.63,100000.0,121603.4,965.9,120637.5,7880584.07,2
275,2024-10-17,NUZE,2024-10-17 14:41:56,2024-10-17 19:50:00,1.5175,2.2942,51.1746,1.11,7663184.63,100000.0,51174.6,658.98,50515.62,7931099.69,3
276,2024-10-17,NUZE,2024-10-17 15:01:48,2024-10-17 19:50:00,1.4572,2.2942,57.4301,1.26,7663184.63,100000.0,57430.1,686.25,56743.85,7987843.55,4
277,2024-10-17,NUZE,2024-10-17 15:23:13,2024-10-17 19:50:00,1.3216,2.2942,73.5921,1.09,7663184.63,100000.0,73592.1,756.66,72835.44,8060678.99,5
278,2024-10-18,DRUG,2024-10-18 15:15:05,2024-10-18 19:50:00,51.2894,54.9224,7.0833,1.34,8060678.99,100000.0,7083.3,19.5,7063.8,8067742.79,1
279,2024-10-23,PC,2024-10-23 14:11:59,2024-10-23 19:50:00,45.7632,13.556,-70.3779,118.23,8067742.79,100000.0,-70377.9,21.85,-70399.75,7997343.04,1
280,2024-10-23,PC,2024-10-23 14:18:39,2024-10-23 19:50:00,44.9536,13.556,-69.8444,6.59,8067742.79,100000.0,-69844.4,22.25,-69866.65,7927476.39,2
281,2024-10-23,PC,2024-10-23 15:17:48,2024-10-23 19:50:00,45.6773,13.556,-70.3222,3.9,8067742.79,100000.0,-70322.2,21.89,-70344.09,7857132.3,3
282,2024-10-23,PC,2024-10-23 15:29:02,2024-10-23 19:50:00,48.4812,13.556,-72.0386,2.39,8067742.79,100000.0,-72038.6,20.63,-72059.23,7785073.07,4
283,2024-10-24,TC,2024-10-24 14:15:21,2024-10-24 19:50:00,67.737,32.9175,-51.404,3.13,7785073.07,100000.0,-51404.0,14.76,-51418.76,7733654.31,1
284,2024-10-24,MNPR,2024-10-24 15:22:38,2024-10-24 19:50:00,12.1705,30.9225,154.0764,2.21,7785073.07,100000.0,154076.4,82.17,153994.23,7887648.55,2
285,2024-10-29,JL,2024-10-29 14:04:01,2024-10-29 19:50:00,4.8773,7.5311,54.4129,8.15,7887648.55,100000.0,54412.9,205.03,54207.87,7941856.41,1
286,2024-11-04,SPPL,2024-11-04 14:41:50,2024-11-04 20:50:00,3.0552,9.1706,200.1642,1.09,7941856.41,100000.0,200164.2,327.31,199836.89,8141693.3,1
287,2024-11-05,DJT,2024-11-05 14:48:46,2024-11-05 20:50:00,38.9639,34.0846,-12.5226,1.12,8141693.3,100000.0,-12522.6,25.66,-12548.26,8129145.04,1
288,2024-11-05,ATGL,2024-11-05 15:40:05,2024-11-05 20:50:00,9.7838,8.7032,-11.0447,10.98,8141693.3,100000.0,-11044.7,102.21,-11146.91,8117998.13,2
289,2024-11-18,MI,2024-11-18 15:45:25,2024-11-18 20:50:00,3.9195,2.1945,-44.0107,1.25,8117998.13,100000.0,-44010.7,255.13,-44265.83,8073732.29,1
290,2024-11-18,MI,2024-11-18 15:51:21,2024-11-18 20:50:00,3.819,2.1945,-42.5373,1.85,8117998.13,100000.0,-42537.3,261.85,-42799.15,8030933.15,2
291,2024-11-20,SKK,2024-11-20 15:45:48,2024-11-20 20:50:00,89.445,44.7878,-49.9271,1.83,8030933.15,100000.0,-49927.1,11.18,-49938.28,7980994.87,1
292,2024-12-10,GXAI,2024-12-10 15:57:10,2024-12-10 20:50:00,5.9094,5.7504,-2.6908,5.13,7980994.87,100000.0,-2690.8,169.22,-2860.02,7978134.84,1
293,2024-12-18,XCH,2024-12-18 14:41:52,2024-12-18 20:50:00,25.1903,2.4071,-90.4445,1.51,7978134.84,100000.0,-90444.5,39.7,-90484.2,7887650.65,1
294,2024-12-19,NVNI,2024-12-19 15:04:12,2024-12-19 20:50:00,6.9787,26.5335,280.2058,1.07,7887650.65,100000.0,280205.8,143.29,280062.51,8167713.15,1
295,2024-12-19,NVNI,2024-12-19 15:17:09,2024-12-19 20:50:00,7.1868,26.5335,269.2,2.15,7887650.65,100000.0,269200.0,139.14,269060.86,8436774.01,2
296,2024-12-19,NVNI,2024-12-19 15:27:37,2024-12-19 20:50:00,10.7535,26.5335,146.7429,6.99,7887650.65,100000.0,146742.9,92.99,146649.91,8583423.92,3
297,2024-12-19,NVNI,2024-12-19 15:38:30,2024-12-19 20:50:00,16.1805,26.5335,63.9844,7.43,7887650.65,100000.0,63984.4,61.8,63922.6,8647346.51,4
298,2024-12-19,NVNI,2024-12-19 15:49:28,2024-12-19 20:50:00,15.276,26.5335,73.694,4.29,7887650.65,100000.0,73694.0,65.46,73628.54,8720975.05,5
299,2024-12-20,ZEO,2024-12-20 15:12:23,2024-12-20 20:50:00,1.6281,1.9896,22.2046,4.36,8720975.05,100000.0,22204.6,614.21,21590.39,8742565.44,1
300,2024-12-23,DRCT,2024-12-23 14:44:59,2024-12-23 20:50:00,39.1844,288.0281,635.0573,1.51,8742565.44,100000.0,635057.3,25.52,635031.78,9377597.22,1
301,2024-12-23,DRCT,2024-12-23 14:50:25,2024-12-23 20:50:00,41.3457,288.0281,596.6338,1.45,8742565.44,100000.0,596633.8,24.19,596609.61,9974206.83,2
302,2024-12-23,DRCT,2024-12-23 15:01:31,2024-12-23 20:50:00,43.1145,288.0281,568.054,4.19,8742565.44,100000.0,568054.0,23.19,568030.81,10542237.64,3
303,2024-12-23,DRCT,2024-12-23 15:10:39,2024-12-23 20:50:00,59.1442,288.0281,386.9926,8.87,8742565.44,100000.0,386992.6,16.91,386975.69,10929213.33,4
304,2024-12-23,DRCT,2024-12-23 15:16:43,2024-12-23 20:50:00,46.9837,288.0281,513.0378,3.87,8742565.44,100000.0,513037.8,21.28,513016.52,11442229.85,5
305,2024-12-23,DRCT,2024-12-23 15:24:32,2024-12-23 20:50:00,59.697,288.0281,382.4834,4.22,8742565.44,100000.0,382483.4,16.75,382466.65,11824696.49,6
306,2024-12-23,DRCT,2024-12-23 15:34:41,2024-12-23 20:50:00,77.9377,288.0281,269.5618,9.22,8742565.44,100000.0,269561.8,12.83,269548.97,12094245.46,7
307,2024-12-23,DRCT,2024-12-23 15:40:21,2024-12-23 20:50:00,88.9927,288.0281,223.6535,1.09,8742565.44,100000.0,223653.5,11.24,223642.26,12317887.73,8
308,2024-12-27,INTZ,2024-12-27 14:50:24,2024-12-27 20:50:00,1.4773,2.1347,44.4918,1.35,12317887.73,100000.0,44491.8,676.91,43814.89,12361702.62,1
309,2024-12-30,WATT,2024-12-30 15:32:41,2024-12-30 20:50:00,54.873,74.214,35.2468,1.84,12361702.62,100000.0,35246.8,18.22,35228.58,12396931.19,1
310,2024-12-30,WATT,2024-12-30 15:51:59,2024-12-30 20:50:00,51.255,74.214,44.7937,1.05,12361702.62,100000.0,44793.7,19.51,44774.19,12441705.38,2
311,2024-12-31,IZTC,2024-12-31 15:36:17,2024-12-31 20:50:00,17.9292,15.9401,-11.0945,4.98,12441705.38,100000.0,-11094.5,55.77,-11150.27,12430555.11,1
312,2025-01-06,MSS,2025-01-06 14:55:13,2025-01-06 20:50:00,1.3709,1.737,26.7066,1.94,12430555.11,100000.0,26706.6,729.45,25977.15,12456532.26,1
313,2025-01-06,BOXL,2025-01-06 15:03:37,2025-01-06 20:50:00,25.6275,46.686,82.1715,14.13,12430555.11,100000.0,82171.5,39.02,82132.48,12538664.74,2
314,2025-01-28,SLXN,2025-01-28 14:46:00,2025-01-28 20:50:00,18.3915,19.0024,3.3215,1.69,12538664.74,100000.0,3321.5,54.37,3267.13,12541931.87,1
315,2025-01-29,XFOR,2025-01-29 14:49:02,2025-01-29 20:50:00,14.7645,20.7201,40.3375,1.29,12541931.87,100000.0,40337.5,67.73,40269.77,12582201.64,1
316,2025-01-31,DXF,2025-01-31 15:15:32,2025-01-31 20:50:00,23.125,28.1454,21.7094,1.38,12582201.64,100000.0,21709.4,43.24,21666.16,12603867.79,1
317,2025-01-31,DXF,2025-01-31 15:58:23,2025-01-31 20:50:00,46.8229,28.1454,-39.8898,3.16,12582201.64,100000.0,-39889.8,21.36,-39911.16,12563956.63,2
318,2025-02-06,BOWN,2025-02-06 15:28:57,2025-02-06 20:50:00,4.5627,3.4415,-24.5737,4.27,12563956.63,100000.0,-24573.7,219.17,-24792.87,12539163.77,1
319,2025-02-14,INLF,2025-02-14 14:51:42,2025-02-14 20:50:00,166.1064,259.6692,56.327,1.36,12539163.77,100000.0,56327.0,6.02,56320.98,12595484.75,1
320,2025-02-14,INLF,2025-02-14 15:12:48,2025-02-14 20:50:00,183.8748,259.6692,41.2207,1.48,12539163.77,100000.0,41220.7,5.44,41215.26,12636700.01,2
321,2025-02-24,MSW,2025-02-24 15:24:14,2025-02-24 20:50:00,5.1255,5.0473,-1.5247,1.7,12636700.01,100000.0,-1524.7,195.1,-1719.8,12634980.2,1
322,2025-02-24,RHLDV,2025-02-24 15:30:39,2025-02-24 20:50:00,59.2849,32.5484,-45.0983,3.64,12636700.01,100000.0,-45098.3,16.87,-45115.17,12589865.04,2
323,2025-03-11,QMMM,2025-03-11 14:30:27,2025-03-11 19:50:00,1.4773,1.4065,-4.7974,1.37,12589865.04,100000.0,-4797.4,676.91,-5474.31,12584390.73,1
324,2025-03-20,ULY,2025-03-20 14:30:42,2025-03-20 19:50:00,4.2109,4.7381,12.5191,4.94,12584390.73,100000.0,12519.1,237.48,12281.62,12596672.35,1
325,2025-03-20,IBO,2025-03-20 15:28:57,2025-03-20 19:50:00,2.3014,2.1945,-4.6471,5.46,12584390.73,100000.0,-4647.1,434.52,-5081.62,12591590.73,2
326,2025-03-20,IBO,2025-03-20 15:46:35,2025-03-20 19:50:00,1.5678,2.1945,39.9732,9.44,12584390.73,100000.0,39973.2,637.84,39335.36,12630926.09,3
327,2025-03-20,IBO,2025-03-20 15:52:35,2025-03-20 19:50:00,1.7587,2.1945,24.7761,3.04,12584390.73,100000.0,24776.1,568.6,24207.5,12655133.59,4
328,2025-03-24,IMTE,2025-03-24 13:46:38,2025-03-24 19:50:00,1.1955,1.8155,51.8509,1.14,12655133.59,100000.0,51850.9,836.47,51014.43,12706148.02,1
329,2025-03-24,IMTE,2025-03-24 14:12:18,2025-03-24 19:50:00,1.2864,1.8155,41.1264,1.06,12655133.59,100000.0,41126.4,777.36,40349.04,12746497.06,2
330,2025-03-26,IBO,2025-03-26 14:00:17,2025-03-26 19:50:00,3.4242,2.2942,-32.9997,1.35,12746497.06,100000.0,-32999.7,292.04,-33291.74,12713205.32,1
331,2025-03-31,ICCT,2025-03-31 14:43:44,2025-03-31 19:50:00,1.0652,1.8753,76.0515,2.05,12713205.32,100000.0,76051.5,938.79,75112.71,12788318.03,1
332,2025-03-31,ICCT,2025-03-31 14:49:10,2025-03-31 19:50:00,1.1255,1.8753,66.6194,1.67,12713205.32,100000.0,66619.4,888.49,65730.91,12854048.93,2
333,2025-03-31,ICCT,2025-03-31 14:54:37,2025-03-31 19:50:00,1.2157,1.8753,54.2507,1.3,12713205.32,100000.0,54250.7,822.57,53428.13,12907477.06,3
334,2025-03-31,NMAX,2025-03-31 15:47:26,2025-03-31 19:50:00,51.7675,82.0444,58.4861,1.88,12713205.32,100000.0,58486.1,19.32,58466.78,12965943.85,4
335,2025-04-01,BIAF,2025-04-01 14:14:53,2025-04-01 19:50:00,24.515,35.0123,42.8199,2.9,12965943.85,100000.0,42819.9,40.79,42779.11,13008722.95,1
336,2025-04-01,RSLS,2025-04-01 14:16:39,2025-04-01 19:50:00,95.475,174.5625,82.8358,1.0,12965943.85,100000.0,82835.8,10.47,82825.33,13091548.28,2
337,2025-04-01,RSLS,2025-04-01 14:32:02,2025-04-01 19:50:00,106.6305,174.5625,63.7079,1.02,12965943.85,100000.0,63707.9,9.38,63698.52,13155246.8,3
338,2025-04-01,RSLS,2025-04-01 15:01:24,2025-04-01 19:50:00,137.6448,174.5625,26.821,1.13,12965943.85,100000.0,26821.0,7.27,26813.73,13182060.54,4
339,2025-04-01,WXM,2025-04-01 15:27:46,2025-04-01 19:50:00,4.3315,5.0076,15.6087,1.24,12965943.85,100000.0,15608.7,230.87,15377.83,13197438.37,5
340,2025-04-02,VVPR,2025-04-02 14:11:22,2025-04-02 19:50:00,4.1004,3.8104,-7.0713,1.06,13197438.37,100000.0,-7071.3,243.88,-7315.18,13190123.19,1
341,2025-04-04,AREB,2025-04-04 14:33:46,2025-04-04 19:50:00,403206.0,779247.0,93.2627,1.93,13190123.19,100000.0,93262.7,2.0,93260.7,13283383.89,1
342,2025-04-04,AREB,2025-04-04 14:51:29,2025-04-04 19:50:00,367026.0,779247.0,112.3138,1.54,13190123.19,100000.0,112313.8,2.0,112311.8,13395695.69,2
343,2025-04-04,AREB,2025-04-04 15:49:24,2025-04-04 19:50:00,445608.96,779247.0,74.8724,1.11,13190123.19,100000.0,74872.4,2.0,74870.4,13470566.09,3
344,2025-04-07,JNVR,2025-04-07 15:05:05,2025-04-07 19:50:00,19.487,41.8798,114.9122,2.86,13470566.09,100000.0,114912.2,51.32,114860.88,13585426.98,1
345,2025-04-08,FMTO,2025-04-08 15:20:10,2025-04-08 19:50:00,758.775,1695.75,123.4852,6.65,13585426.98,100000.0,123485.2,2.0,123483.2,13708910.18,1
346,2025-04-14,BULL,2025-04-14 14:00:23,2025-04-14 19:50:00,38.6623,67.1317,73.636,1.05,13708910.18,100000.0,73636.0,25.86,73610.14,13782520.31,1
347,2025-04-14,BULL,2025-04-14 14:11:35,2025-04-14 19:50:00,46.0138,67.1317,45.8947,1.92,13708910.18,100000.0,45894.7,21.73,45872.97,13828393.28,2
348,2025-04-16,IOTR,2025-04-16 15:34:41,2025-04-16 19:50:00,50.7525,18.1545,-64.2293,1.04,13828393.28,100000.0,-64229.3,19.7,-64249.0,13764144.27,1
349,2025-04-16,IOTR,2025-04-16 15:45:00,2025-04-16 19:50:00,50.3485,18.1545,-63.9423,7.55,13828393.28,100000.0,-63942.3,19.86,-63962.16,13700182.11,2
350,2025-04-17,FATN,2025-04-17 14:25:29,2025-04-17 19:50:00,9.5425,11.8902,24.6029,1.96,13700182.11,100000.0,24602.9,104.79,24498.11,13724680.22,1
351,2025-04-21,APVO,2025-04-21 14:41:11,2025-04-21 19:50:00,441.396,228.9263,-48.1359,1.51,13724680.22,100000.0,-48135.9,2.27,-48138.17,13676542.05,1
352,2025-04-24,TMDE,2025-04-24 14:03:44,2025-04-24 19:50:00,6.0501,1.4963,-75.269,1.76,13676542.05,100000.0,-75269.0,165.29,-75434.29,13601107.77,1
353,2025-04-24,TMDE,2025-04-24 14:38:24,2025-04-24 19:50:00,6.0551,1.4963,-75.2895,1.2,13676542.05,100000.0,-75289.5,165.15,-75454.65,13525653.12,2
354,2025-04-24,TMDE,2025-04-24 14:59:02,2025-04-24 19:50:00,6.0601,1.4963,-75.31,1.26,13676542.05,100000.0,-75310.0,165.01,-75475.01,13450178.1,3
355,2025-04-25,JAGX,2025-04-25 13:54:05,2025-04-25 19:50:00,8.4511,9.6757,14.4904,2.33,13450178.1,100000.0,14490.4,118.33,14372.07,13464550.17,1
356,2025-05-01,CDTG,2025-05-01 14:24:15,2025-05-01 19:50:00,2.5025,0.6882,-72.4999,3.39,13464550.17,100000.0,-72499.9,399.6,-72899.5,13391650.67,1
357,2025-05-05,NTCL,2025-05-05 13:46:53,2025-05-05 19:50:00,14.9795,12.778,-14.6971,1.78,13391650.67,100000.0,-14697.1,66.76,-14763.86,13376886.82,1
358,2025-05-05,NTCL,2025-05-05 14:02:59,2025-05-05 19:50:00,14.884,12.778,-14.1499,1.01,13391650.67,100000.0,-14149.9,67.19,-14217.09,13362669.73,2
359,2025-05-05,NTCL,2025-05-05 14:08:20,2025-05-05 19:50:00,14.884,12.778,-14.1499,2.91,13391650.67,100000.0,-14149.9,67.19,-14217.09,13348452.64,3
360,2025-05-05,NTCL,2025-05-05 15:23:19,2025-05-05 19:50:00,14.874,12.778,-14.0919,1.07,13391650.67,100000.0,-14091.9,67.23,-14159.13,13334293.51,4
361,2025-05-07,ASST,2025-05-07 15:10:34,2025-05-07 19:50:00,45.828,61.047,33.209,1.19,13334293.51,100000.0,33209.0,21.82,33187.18,13367480.69,1
362,2025-05-07,ASST,2025-05-07 15:18:13,2025-05-07 19:50:00,43.416,61.047,40.6095,1.1,13334293.51,100000.0,40609.5,23.03,40586.47,13408067.16,2
363,2025-05-09,NXTT,2025-05-09 15:10:16,2025-05-09 19:50:00,71.1942,402.99,466.0433,233.33,13408067.16,100000.0,466043.3,14.05,466029.25,13874096.41,1
364,2025-05-09,NXTT,2025-05-09 15:26:38,2025-05-09 19:50:00,74.772,402.99,438.9584,3.22,13408067.16,100000.0,438958.4,13.37,438945.03,14313041.44,2
365,2025-05-09,GIBO,2025-05-09 15:40:47,2025-05-09 19:50:00,813.7485,1085.28,33.368,3.84,13408067.16,100000.0,33368.0,2.0,33366.0,14346407.44,3
366,2025-05-09,NXTT,2025-05-09 15:55:30,2025-05-09 19:50:00,171.654,402.99,134.7688,12.12,13408067.16,100000.0,134768.8,5.83,134762.97,14481170.41,4
367,2025-05-12,INHD,2025-05-12 15:08:17,2025-05-12 19:50:00,296.1767,52.9074,-82.1365,1.68,14481170.41,100000.0,-82136.5,3.38,-82139.88,14399030.54,1
368,2025-05-12,INHD,2025-05-12 15:47:08,2025-05-12 19:50:00,383.0256,52.9074,-86.187,3.25,14481170.41,100000.0,-86187.0,2.61,-86189.61,14312840.93,2
369,2025-05-13,EPSM,2025-05-13 14:22:31,2025-05-13 19:50:00,14.2866,12.2693,-14.1204,2.71,14312840.93,100000.0,-14120.4,70.0,-14190.4,14298650.53,1
370,2025-05-19,PTIX,2025-05-19 15:17:21,2025-05-19 19:50:00,9.9997,11.541,15.4126,1.23,14298650.53,100000.0,15412.6,100.0,15312.6,14313963.13,1
371,2025-06-03,MCTR,2025-06-03 13:54:40,2025-06-03 19:50:00,8.6329,32.2791,273.9058,1.58,14313963.13,100000.0,273905.8,115.84,273789.96,14587753.09,1
372,2025-06-03,MCTR,2025-06-03 14:00:06,2025-06-03 19:50:00,8.6229,32.2791,274.3416,1.7,14313963.13,100000.0,274341.6,115.97,274225.63,14861978.72,2
373,2025-06-03,MCTR,2025-06-03 14:05:24,2025-06-03 19:50:00,8.7234,32.2791,270.0289,1.37,14313963.13,100000.0,270028.9,114.63,269914.27,15131892.99,3
374,2025-06-04,MCTR,2025-06-04 13:56:24,2025-06-04 19:50:00,40.4613,14.6632,-63.7598,2.09,15131892.99,100000.0,-63759.8,24.71,-63784.51,15068108.47,1
375,2025-06-04,MULN,2025-06-04 15:36:08,2025-06-04 19:50:00,15.8287,17.1869,8.5804,1.56,15131892.99,100000.0,8580.4,63.18,8517.22,15076625.7,2
376,2025-06-06,DIST,2025-06-06 15:25:53,2025-06-06 19:50:00,14.4793,13.3366,-7.8924,1.27,15076625.7,100000.0,-7892.4,69.06,-7961.46,15068664.23,1
377,2025-06-11,JEM,2025-06-11 13:45:22,2025-06-11 19:50:00,84.42,121.695,44.1542,4.74,15068664.23,100000.0,44154.2,11.85,44142.35,15112806.59,1
378,2025-06-11,KZIA,2025-06-11 13:52:19,2025-06-11 19:50:00,10.2609,9.6508,-5.9462,1.17,15068664.23,100000.0,-5946.2,97.46,-6043.66,15106762.93,2
379,2025-06-11,DIST,2025-06-11 14:53:52,2025-06-11 19:50:00,11.9494,18.6532,56.1013,2.76,15068664.23,100000.0,56101.3,83.69,56017.61,15162780.54,3
380,2025-06-12,DIST,2025-06-12 13:41:35,2025-06-12 19:50:00,16.0096,27.93,74.4573,2.28,15162780.54,100000.0,74457.3,62.46,74394.84,15237175.38,1
381,2025-06-12,DIST,2025-06-12 14:03:36,2025-06-12 19:50:00,15.5594,27.93,79.5055,1.05,15162780.54,100000.0,79505.5,64.27,79441.23,15316616.61,2
382,2025-06-12,LIMN,2025-06-12 15:09:18,2025-06-12 19:50:00,19.1955,20.3191,5.8533,2.9,15162780.54,100000.0,5853.3,52.1,5801.2,15322417.81,3
383,2025-06-13,OP,2025-06-13 15:29:16,2025-06-13 19:50:00,1.0162,1.7855,75.7138,4.12,15322417.81,100000.0,75713.8,984.06,74729.74,15397147.56,1
384,2025-06-17,RBNE,2025-06-17 15:52:20,2025-06-17 19:50:00,55.3258,59.6505,7.8169,1.88,15397147.56,100000.0,7816.9,18.07,7798.83,15404946.38,1
385,2025-06-25,LIMN,2025-06-25 13:55:25,2025-06-25 19:50:00,28.8555,25.0722,-13.1112,1.65,15404946.38,100000.0,-13111.2,34.66,-13145.86,15391800.53,1
386,2025-06-27,CTOR,2025-06-27 13:46:11,2025-06-27 19:50:00,4.4823,4.4439,-0.8575,1.27,15391800.53,100000.0,-857.5,223.1,-1080.6,15390719.93,1
387,2025-06-27,WFF,2025-06-27 13:50:33,2025-06-27 19:50:00,39.8482,16.2593,-59.1971,1.07,15391800.53,100000.0,-59197.1,25.1,-59222.2,15331497.73,2
388,2025-06-27,BGL,2025-06-27 14:12:53,2025-06-27 19:50:00,84.4401,62.8426,-25.5773,2.28,15391800.53,100000.0,-25577.3,11.84,-25589.14,15305908.59,3
389,2025-06-27,WFF,2025-06-27 14:16:42,2025-06-27 19:50:00,46.522,16.2593,-65.0504,1.41,15391800.53,100000.0,-65050.4,21.5,-65071.9,15240836.69,4
390,2025-06-27,WFF,2025-06-27 15:51:27,2025-06-27 19:50:00,63.3652,16.2593,-74.3404,1.25,15391800.53,100000.0,-74340.4,15.78,-74356.18,15166480.51,5
391,2025-07-02,BGL,2025-07-02 13:57:28,2025-07-02 19:50:00,126.64,129.0267,1.8846,2.75,15166480.51,100000.0,1884.6,7.9,1876.7,15168357.22,1
392,2025-07-08,PROK,2025-07-08 14:20:23,2025-07-08 19:50:00,1.5075,3.7107,146.1493,2.31,15168357.22,100000.0,146149.3,663.35,145485.95,15313843.17,1
393,2025-07-08,PROK,2025-07-08 14:35:53,2025-07-08 19:50:00,1.8693,3.7107,98.5075,2.67,15168357.22,100000.0,98507.5,534.96,97972.54,15411815.71,2
394,2025-07-08,PROK,2025-07-08 15:07:20,2025-07-08 19:50:00,2.211,3.7107,67.829,1.35,15168357.22,100000.0,67829.0,452.28,67376.72,15479192.42,3
395,2025-07-09,CLDI,2025-07-09 14:01:53,2025-07-09 19:50:00,11.0904,8.4353,-23.9407,1.03,15479192.42,100000.0,-23940.7,90.17,-24030.87,15455161.55,1
396,2025-07-10,MB,2025-07-10 13:49:45,2025-07-10 19:50:00,9.8791,11.3715,15.1061,1.4,15455161.55,100000.0,15106.1,101.22,15004.88,15470166.43,1
397,2025-07-10,CIGL,2025-07-10 14:12:29,2025-07-10 19:50:00,28.7731,5.6459,-80.3781,1.35,15455161.55,100000.0,-80378.1,34.75,-80412.85,15389753.57,2
398,2025-07-11,SDM,2025-07-11 14:49:18,2025-07-11 19:50:00,14.4619,15.8603,9.6688,1.04,15389753.57,100000.0,9668.8,69.15,9599.65,15399353.23,1
399,2025-07-11,EDHL,2025-07-11 15:17:08,2025-07-11 19:50:00,89.5656,83.4197,-6.8619,1.81,15389753.57,100000.0,-6861.9,11.17,-6873.07,15392480.16,2
400,2025-07-14,SQFT,2025-07-14 14:02:14,2025-07-14 19:50:00,14.3212,13.4545,-6.0523,3.22,15392480.16,100000.0,-6052.3,69.83,-6122.13,15386358.04,1
401,2025-07-14,TROO,2025-07-14 14:41:09,2025-07-14 19:50:00,1.206,1.7406,44.3315,609.92,15392480.16,100000.0,44331.5,829.19,43502.31,15429860.35,2
402,2025-07-14,TROO,2025-07-14 15:04:19,2025-07-14 19:50:00,1.216,1.7406,43.1386,7.46,15392480.16,100000.0,43138.6,822.37,42316.23,15472176.58,3
403,2025-07-14,TROO,2025-07-14 15:05:31,2025-07-14 19:50:00,1.3172,1.7406,32.1515,7.57,15392480.16,100000.0,32151.5,759.19,31392.31,15503568.89,4
404,2025-07-14,TROO,2025-07-14 15:18:34,2025-07-14 19:50:00,1.5778,1.7406,10.317,2.77,15392480.16,100000.0,10317.0,633.79,9683.21,15513252.1,5
405,2025-07-15,PCLA,2025-07-15 14:17:03,2025-07-15 19:50:00,101.304,23.3415,-76.959,1.13,15513252.1,100000.0,-76959.0,9.87,-76968.87,15436283.23,1
406,2025-07-21,OPAD,2025-07-21 15:05:30,2025-07-21 19:50:00,2.4673,3.212,30.1821,1.33,15436283.23,100000.0,30182.1,405.3,29776.8,15466060.03,1
407,2025-07-21,MFH,2025-07-21 15:14:13,2025-07-21 19:50:00,5.5828,2.0244,-63.738,2.86,15436283.23,100000.0,-63738.0,179.12,-63917.12,15402142.91,2
408,2025-07-22,PAPL,2025-07-22 14:40:05,2025-07-22 19:50:00,4.1205,3.6708,-10.9137,1.4,15402142.91,100000.0,-10913.7,242.69,-11156.39,15390986.52,1
409,2025-07-22,PAPL,2025-07-22 14:46:27,2025-07-22 19:50:00,3.6381,3.6708,0.8988,5.34,15402142.91,100000.0,898.8,274.87,623.93,15391610.45,2
410,2025-07-24,TLIH,2025-07-24 14:40:43,2025-07-24 19:50:00,6.6832,1.6459,-75.3731,1.32,15391610.45,100000.0,-75373.1,149.63,-75522.73,15316087.72,1
411,2025-07-24,LHAI,2025-07-24 15:08:08,2025-07-24 19:50:00,11.055,5.3666,-51.4559,5.82,15391610.45,100000.0,-51455.9,90.46,-51546.36,15264541.36,2
412,2025-07-28,PFSA,2025-07-28 14:52:08,2025-07-28 19:50:00,59.8477,142.4056,137.9464,4.72,15264541.36,100000.0,137946.4,16.71,137929.69,15402471.05,1
413,2025-07-28,CREV,2025-07-28 14:57:36,2025-07-28 19:50:00,5.5154,5.4513,-1.1622,1.57,15264541.36,100000.0,-1162.2,181.31,-1343.51,15401127.54,2
414,2025-07-29,PTHL,2025-07-29 14:32:23,2025-07-29 19:50:00,31.5168,1.6559,-94.7461,1.38,15401127.54,100000.0,-94746.1,31.73,-94777.83,15306349.71,1
415,2025-07-29,PTHL,2025-07-29 15:13:34,2025-07-29 19:50:00,31.3309,1.6559,-94.715,1.41,15401127.54,100000.0,-94715.0,31.92,-94746.92,15211602.8,2
416,2025-08-15,IROH,2025-08-15 14:53:09,2025-08-15 19:50:00,7.9897,7.1321,-10.7341,17.66,15211602.8,100000.0,-10734.1,125.16,-10859.26,15200743.54,1
417,2025-08-25,HTCR,2025-08-25 14:21:57,2025-08-25 19:50:00,17.7805,24.738,39.1303,2.33,15200743.54,100000.0,39130.3,56.24,39074.06,15239817.59,1
418,2025-08-28,SOGP,2025-08-28 13:56:00,2025-08-28 19:50:00,6.1305,13.156,114.5996,2.7,15239817.59,100000.0,114599.6,163.12,114436.48,15354254.08,1
419,2025-08-28,SOGP,2025-08-28 14:12:29,2025-08-28 19:50:00,6.6631,13.156,97.4446,1.48,15239817.59,100000.0,97444.6,150.08,97294.52,15451548.59,2
420,2025-08-28,SOGP,2025-08-28 14:31:45,2025-08-28 19:50:00,6.3013,13.156,108.7811,1.19,15239817.59,100000.0,108781.1,158.7,108622.4,15560171.0,3
421,2025-08-28,SOGP,2025-08-28 15:15:08,2025-08-28 19:50:00,7.0601,13.156,86.3427,1.04,15239817.59,100000.0,86342.7,141.64,86201.06,15646372.06,4
422,2025-09-08,GLXG,2025-09-08 13:56:54,2025-09-08 19:50:00,3.9697,4.0,0.7614,1.22,15646372.06,100000.0,761.4,251.91,509.49,15646881.55,1
423,2025-09-08,KRKR,2025-09-08 14:11:08,2025-09-08 19:50:00,7.8993,10.0548,27.2872,1.28,15646372.06,100000.0,27287.2,126.59,27160.61,15674042.15,2
424,2025-09-08,CIGL,2025-09-08 15:24:44,2025-09-08 19:50:00,5.025,5.9651,18.7075,4.83,15646372.06,100000.0,18707.5,199.0,18508.5,15692550.65,3
425,2025-09-09,QMMM,2025-09-09 14:02:52,2025-09-09 19:50:00,16.9342,252.3176,1389.9841,4.98,15692550.65,100000.0,1389984.1,59.05,1389925.05,17082475.7,1
426,2025-09-09,QMMM,2025-09-09 14:09:32,2025-09-09 19:50:00,18.8839,252.3176,1236.1486,1.48,15692550.65,100000.0,1236148.6,52.96,1236095.64,18318571.34,2
427,2025-09-09,QMMM,2025-09-09 14:12:53,2025-09-09 19:50:00,22.0396,252.3176,1044.835,1.43,15692550.65,100000.0,1044835.0,45.37,1044789.63,19363360.97,3
428,2025-09-09,QMMM,2025-09-09 14:19:28,2025-09-09 19:50:00,17.9091,252.3176,1308.8794,5.63,15692550.65,100000.0,1308879.4,55.84,1308823.56,20672184.53,4
429,2025-09-09,ISPC,2025-09-09 14:52:42,2025-09-09 19:50:00,1.2562,2.2543,79.4428,5.99,15692550.65,100000.0,79442.8,796.05,78646.75,20750831.28,5
430,2025-09-09,ISPC,2025-09-09 15:05:43,2025-09-09 19:50:00,1.7286,2.2543,30.409,1.05,15692550.65,100000.0,30409.0,578.5,29830.5,20780661.78,6
431,2025-09-09,ENGS,2025-09-09 15:16:58,2025-09-09 19:50:00,4.5175,5.8853,30.2774,6.39,15692550.65,100000.0,30277.4,221.36,30056.04,20810717.82,7
432,2025-09-09,QMMM,2025-09-09 15:27:47,2025-09-09 19:50:00,15.6981,252.3176,1507.3131,1.26,15692550.65,100000.0,1507313.1,63.7,1507249.4,22317967.21,8
433,2025-09-09,ISPC,2025-09-09 15:32:02,2025-09-09 19:50:00,2.623,2.2543,-14.06,1.28,15692550.65,100000.0,-14060.0,381.24,-14441.24,22303525.97,9
434,2025-09-09,QMMM,2025-09-09 15:38:37,2025-09-09 19:50:00,18.7734,252.3176,1244.0167,2.5,15692550.65,100000.0,1244016.7,53.27,1243963.43,23547489.4,10
435,2025-09-09,ISPC,2025-09-09 15:58:09,2025-09-09 19:50:00,1.9798,2.2543,13.8596,2.31,15692550.65,100000.0,13859.6,505.1,13354.5,23560843.9,11
436,2025-09-10,KIDZ,2025-09-10 15:30:42,2025-09-10 19:50:00,83.9275,108.7275,29.5492,1.12,23560843.9,100000.0,29549.2,11.92,29537.28,23590381.19,1
437,2025-09-11,ZGM,2025-09-11 15:09:21,2025-09-11 19:50:00,4.2109,3.0524,-27.514,8.63,23590381.19,100000.0,-27514.0,237.48,-27751.48,23562629.71,1
438,2025-09-11,ZGM,2025-09-11 15:15:37,2025-09-11 19:50:00,4.1353,3.0524,-26.1875,7.0,23590381.19,100000.0,-26187.5,241.82,-26429.32,23536200.39,2
439,2025-09-11,ZGM,2025-09-11 15:20:04,2025-09-11 19:50:00,4.1657,3.0524,-26.727,1.97,23590381.19,100000.0,-26727.0,240.06,-26967.06,23509233.33,3
440,2025-09-18,FBYD,2025-09-18 14:15:55,2025-09-18 19:50:00,13.9909,14.384,2.8093,5.3,23509233.33,100000.0,2809.3,71.48,2737.82,23511971.16,1
441,2025-09-18,BREA,2025-09-18 15:34:35,2025-09-18 19:50:00,21.9391,25.6245,16.798,18.04,23509233.33,100000.0,16798.0,45.58,16752.42,23528723.58,2
442,2025-09-19,PLTS,2025-09-19 15:34:58,2025-09-19 19:50:00,5.5074,7.2319,31.312,27.91,23528723.58,100000.0,31312.0,181.57,31130.43,23559854.0,1
443,2025-09-22,LNZA,2025-09-22 14:03:26,2025-09-22 19:50:00,18.3211,23.2817,27.0753,9.75,23559854.0,100000.0,27075.3,54.58,27020.72,23586874.72,1
444,2025-09-29,WOLF,2025-09-29 15:44:23,2025-09-29 19:50:00,19.095,18.354,-3.8806,4.33,23586874.72,100000.0,-3880.6,52.37,-3932.97,23582941.75,1
445,2025-09-30,CHOW,2025-09-30 13:48:49,2025-09-30 19:50:00,5.498,6.4139,16.6602,2.38,23582941.75,100000.0,16660.2,181.88,16478.32,23599420.07,1
446,2025-10-06,SPRB,2025-10-06 14:19:54,2025-10-06 19:50:00,34.4011,152.1387,342.2489,1.99,23599420.07,100000.0,342248.9,29.07,342219.83,23941639.9,1
447,2025-10-06,SPRB,2025-10-06 14:25:29,2025-10-06 19:50:00,38.8784,152.1387,291.3191,1.47,23599420.07,100000.0,291319.1,25.72,291293.38,24232933.28,2
448,2025-10-07,NITO,2025-10-07 13:48:41,2025-10-07 19:50:00,4.422,4.6101,4.2548,2.64,24232933.28,100000.0,4254.8,226.14,4028.66,24236961.94,1
449,2025-10-07,NITO,2025-10-07 13:57:03,2025-10-07 19:50:00,4.62,4.6101,-0.213,1.64,24232933.28,100000.0,-213.0,216.45,-429.45,24236532.49,2
450,2025-10-07,NITO,2025-10-07 14:06:48,2025-10-07 19:50:00,4.5053,4.6101,2.3268,2.35,24232933.28,100000.0,2326.8,221.96,2104.84,24238637.32,3
451,2025-10-07,AGRZ,2025-10-07 14:07:16,2025-10-07 19:50:00,3.4264,4.1696,21.6873,1.54,24232933.28,100000.0,21687.3,291.85,21395.45,24260032.77,4
452,2025-10-07,BQ,2025-10-07 15:00:33,2025-10-07 19:50:00,31.5972,11.8703,-62.4326,2.94,24232933.28,100000.0,-62432.6,31.65,-62464.25,24197568.52,5
453,2025-10-09,BRLS,2025-10-09 14:00:57,2025-10-09 19:50:00,3.8204,3.2607,-14.6497,19.84,24197568.52,100000.0,-14649.7,261.75,-14911.45,24182657.07,1
454,2025-10-13,XCH,2025-10-13 13:57:19,2025-10-13 19:50:00,1.147,1.7257,50.4503,1.53,24182657.07,100000.0,50450.3,871.84,49578.46,24232235.53,1
455,2025-10-13,STI,2025-10-13 14:28:48,2025-10-13 19:50:00,10.9545,21.1676,93.2324,2.82,24182657.07,100000.0,93232.4,91.29,93141.11,24325376.65,2
456,2025-10-13,STI,2025-10-13 15:04:17,2025-10-13 19:50:00,12.7736,21.1676,65.7147,1.15,24182657.07,100000.0,65714.7,78.29,65636.41,24391013.06,3
457,2025-10-17,RANI,2025-10-17 15:32:13,2025-10-17 19:50:00,1.7386,1.6559,-4.7566,2.33,24391013.06,100000.0,-4756.6,575.18,-5331.78,24385681.28,1
458,2025-10-24,JL,2025-10-24 16:00:41,2025-10-24 19:50:00,6.6652,6.394,-4.0687,1.51,24385681.28,100000.0,-4068.7,150.03,-4218.73,24381462.55,1
459,2025-10-29,CMBM,2025-10-29 13:52:49,2025-10-29 19:50:00,1.8829,2.9426,56.2842,3.72,24381462.55,100000.0,56284.2,531.1,55753.1,24437215.65,1
460,2025-10-29,CMBM,2025-10-29 14:01:01,2025-10-29 19:50:00,2.0435,2.9426,44.0016,4.64,24381462.55,100000.0,44001.6,489.36,43512.24,24480727.9,2
461,2025-10-29,CMBM,2025-10-29 14:23:37,2025-10-29 19:50:00,1.7085,2.9426,72.2344,1.18,24381462.55,100000.0,72234.4,585.31,71649.09,24552376.99,3
462,2025-10-29,CMBM,2025-10-29 14:59:18,2025-10-29 19:50:00,1.9195,2.9426,53.2976,1.93,24381462.55,100000.0,53297.6,520.97,52776.63,24605153.62,4
463,2025-10-29,CMBM,2025-10-29 15:06:06,2025-10-29 19:50:00,1.8895,2.9426,55.7356,1.35,24381462.55,100000.0,55735.6,529.24,55206.36,24660359.98,5
464,2025-10-29,CMBM,2025-10-29 15:39:06,2025-10-29 19:50:00,1.9145,2.9426,53.7,1.23,24381462.55,100000.0,53700.0,522.33,53177.67,24713537.65,6
465,2025-10-29,CMBM,2025-10-29 15:50:53,2025-10-29 19:50:00,1.7185,2.9426,71.2272,1.27,24381462.55,100000.0,71227.2,581.9,70645.3,24784182.95,7
466,2025-10-30,BQ,2025-10-30 14:24:10,2025-10-30 19:50:00,8.7485,17.6907,102.2131,1.23,24784182.95,100000.0,102213.1,114.31,102098.79,24886281.74,1
467,2025-10-30,BQ,2025-10-30 14:47:09,2025-10-30 19:50:00,8.7436,17.6907,102.327,1.9,24784182.95,100000.0,102327.0,114.37,102212.63,24988494.37,2
468,2025-10-31,APLM,2025-10-31 14:20:59,2025-10-31 19:50:00,13.5675,14.6433,7.9292,2.21,24988494.37,100000.0,7929.2,73.71,7855.49,24996349.87,1
469,2025-11-12,LPTX,2025-11-12 15:28:19,2025-11-12 20:50:00,1.055,2.1865,107.2435,1.55,24996349.87,100000.0,107243.5,947.87,106295.63,25102645.5,1
470,2025-11-19,WSHP,2025-11-19 15:55:27,2025-11-19 20:50:00,48.9435,203.49,315.7651,1.71,25102645.5,100000.0,315765.1,20.43,315744.67,25418390.17,1
471,2025-11-20,SGBX,2025-11-20 14:45:14,2025-11-20 20:50:00,7.839,3.9701,-49.3551,1.09,25418390.17,100000.0,-49355.1,127.57,-49482.67,25368907.5,1
472,2025-11-20,SGBX,2025-11-20 14:57:18,2025-11-20 20:50:00,7.648,3.9701,-48.0907,1.09,25418390.17,100000.0,-48090.7,130.75,-48221.45,25320686.05,2
473,2025-11-24,INHD,2025-11-24 14:46:25,2025-11-24 20:50:00,26.532,11.7186,-55.8321,1.06,25320686.05,100000.0,-55832.1,37.69,-55869.79,25264816.26,1
474,2025-11-24,CJET,2025-11-24 15:00:17,2025-11-24 20:50:00,2.7438,1.2883,-53.0471,1.28,25320686.05,100000.0,-53047.1,364.46,-53411.56,25211404.7,2
475,2025-11-26,SMX,2025-11-26 15:38:32,2025-11-26 20:50:00,37.7857,75.2513,99.1529,16.87,25211404.7,100000.0,99152.9,26.47,99126.43,25310531.13,1
476,2025-11-26,SMX,2025-11-26 15:43:56,2025-11-26 20:50:00,45.7844,75.2513,64.3602,4.41,25211404.7,100000.0,64360.2,21.84,64338.36,25374869.49,2
477,2025-11-26,SMX,2025-11-26 15:54:37,2025-11-26 20:50:00,48.6306,75.2513,54.7405,11.71,25211404.7,100000.0,54740.5,20.56,54719.94,25429589.43,3
478,2025-12-01,FLYE,2025-12-01 14:44:34,2025-12-01 20:50:00,5.5275,12.9775,134.7802,1.02,25429589.43,100000.0,134780.2,180.91,134599.29,25564188.72,1
479,2025-12-01,FLYE,2025-12-01 15:12:27,2025-12-01 20:50:00,6.9747,12.9775,86.065,1.77,25429589.43,100000.0,86065.0,143.38,85921.62,25650110.34,2
480,2025-12-01,FLYE,2025-12-01 15:41:13,2025-12-01 20:50:00,10.3716,12.9775,25.1251,3.7,25429589.43,100000.0,25125.1,96.42,25028.68,25675139.02,3
481,2025-12-05,TGL,2025-12-05 14:46:34,2025-12-05 20:50:00,8.643,26.0814,201.7637,8.02,25675139.02,100000.0,201763.7,115.7,201648.0,25876787.02,1
482,2025-12-09,AFJK,2025-12-09 15:06:17,2025-12-09 20:50:00,12.9343,80.7974,524.6731,1.17,25876787.02,100000.0,524673.1,77.31,524595.79,26401382.81,1
483,2025-12-09,AFJK,2025-12-09 15:29:31,2025-12-09 20:50:00,16.08,80.7974,402.4714,1.35,25876787.02,100000.0,402471.4,62.19,402409.21,26803792.02,2
484,2025-12-09,AFJK,2025-12-09 15:35:19,2025-12-09 20:50:00,18.5925,80.7974,334.5699,2.08,25876787.02,100000.0,334569.9,53.79,334516.11,27138308.14,3
485,2025-12-10,BBGI,2025-12-10 14:51:01,2025-12-10 20:50:00,8.5425,18.5834,117.5408,1.09,27138308.14,100000.0,117540.8,117.06,117423.74,27255731.87,1
486,2025-12-10,BBGI,2025-12-10 14:56:41,2025-12-10 20:50:00,9.658,18.5834,92.4138,1.18,27138308.14,100000.0,92413.8,103.54,92310.26,27348042.13,2
487,2025-12-10,CHOW,2025-12-10 15:11:37,2025-12-10 20:50:00,12.0801,1.9352,-83.9807,1.27,27138308.14,100000.0,-83980.7,82.78,-84063.48,27263978.65,3
488,2025-12-10,CHOW,2025-12-10 15:17:08,2025-12-10 20:50:00,12.06,1.9352,-83.954,1.44,27138308.14,100000.0,-83954.0,82.92,-84036.92,27179941.73,4
489,2025-12-10,BBGI,2025-12-10 15:45:56,2025-12-10 20:50:00,11.5575,18.5834,60.791,1.38,27138308.14,100000.0,60791.0,86.52,60704.48,27240646.21,5
490,2025-12-16,MGRT,2025-12-16 15:42:35,2025-12-16 20:50:00,5.1958,5.4464,4.8212,5.44,27240646.21,100000.0,4821.2,192.46,4628.74,27245274.95,1
491,2025-12-17,PCSA,2025-12-17 15:13:36,2025-12-17 20:50:00,7.9596,6.0848,-23.5533,7.66,27245274.95,100000.0,-23553.3,125.63,-23678.93,27221596.01,1
492,2025-12-17,PCSA,2025-12-17 15:51:15,2025-12-17 20:50:00,6.8842,6.0848,-11.612,1.27,27245274.95,100000.0,-11612.0,145.26,-11757.26,27209838.75,2
493,2025-12-18,MGRT,2025-12-18 15:56:45,2025-12-18 20:50:00,9.5073,8.2294,-13.4415,2.42,27209838.75,100000.0,-13441.5,105.18,-13546.68,27196292.07,1
494,2025-12-22,FJET,2025-12-22 14:44:42,2025-12-22 20:50:00,10.1505,28.9973,185.6739,2.24,27196292.07,100000.0,185673.9,98.52,185575.38,27381867.45,1
495,2025-12-22,FJET,2025-12-22 15:56:57,2025-12-22 20:50:00,11.4208,28.9973,153.8988,1.33,27196292.07,100000.0,153898.8,87.56,153811.24,27535678.69,2
496,2025-12-26,ASPC,2025-12-26 14:52:04,2025-12-26 20:50:00,28.6123,26.1944,-8.4509,3.68,27535678.69,100000.0,-8450.9,34.95,-8485.85,27527192.84,1
497,2025-12-26,ASPC,2025-12-26 14:58:38,2025-12-26 20:50:00,25.125,26.1944,4.2561,1.03,27535678.69,100000.0,4256.1,39.8,4216.3,27531409.14,2
498,2025-12-26,ASPC,2025-12-26 15:06:15,2025-12-26 20:50:00,30.6198,26.1944,-14.453,1.76,27535678.69,100000.0,-14453.0,32.66,-14485.66,27516923.48,3
499,2026-01-08,ERAS,2026-01-08 15:42:51,2026-01-08 20:50:00,5.0652,6.1148,20.7213,2.17,27516923.48,100000.0,20721.3,197.43,20523.87,27537447.36,1
500,2026-01-12,EVTV,2026-01-12 15:29:05,2026-01-12 20:50:00,1.4874,2.2544,51.5631,1.85,27537447.36,100000.0,51563.1,672.31,50890.79,27588338.14,1
501,2026-01-15,MLEC,2026-01-15 15:21:29,2026-01-15 20:50:00,3.7888,7.8404,106.9322,1.34,27588338.14,100000.0,106932.2,263.94,106668.26,27695006.41,1
502,2026-01-20,SEGG,2026-01-20 14:42:59,2026-01-20 20:50:00,1.3473,1.7918,32.9923,1.9,27695006.41,100000.0,32992.3,742.23,32250.07,27727256.48,1
503,2026-01-29,TCGL,2026-01-29 15:03:54,2026-01-29 20:50:00,9.6982,90.6728,834.9393,2.88,27727256.48,100000.0,834939.3,103.11,834836.19,28562092.67,1
504,2026-01-29,NNNN,2026-01-29 15:33:26,2026-01-29 20:50:00,20.904,28.728,37.4282,11.33,27727256.48,100000.0,37428.2,47.84,37380.36,28599473.03,2
505,2026-01-29,ANL,2026-01-29 15:47:49,2026-01-29 20:50:00,3.829,6.5137,70.112,2.23,27727256.48,100000.0,70112.0,261.16,69850.84,28669323.87,3
506,2026-01-30,ELPW,2026-01-30 15:04:08,2026-01-30 20:50:00,43.2552,1170.666,2606.4168,1.51,28669323.87,100000.0,2606416.8,23.12,2606393.68,31275717.55,1
507,2026-01-30,ELPW,2026-01-30 15:36:32,2026-01-30 20:50:00,129.444,1170.666,804.3803,5.49,28669323.87,100000.0,804380.3,7.73,804372.57,32080090.12,2
508,2026-01-30,ELPW,2026-01-30 15:41:57,2026-01-30 20:50:00,151.152,1170.666,674.4959,3.91,28669323.87,100000.0,674495.9,6.62,674489.28,32754579.41,3
509,2026-02-04,PHOE,2026-02-04 14:51:26,2026-02-04 20:50:00,24.8938,18.9725,-23.7866,7.26,32754579.41,100000.0,-23786.6,40.17,-23826.77,32730752.64,1
510,2026-02-11,NCI,2026-02-11 15:02:43,2026-02-11 20:50:00,1.0045,2.6434,163.154,1.68,32730752.64,100000.0,163154.0,995.52,162158.48,32892911.12,1
511,2026-02-11,NCI,2026-02-11 15:07:58,2026-02-11 20:50:00,1.0151,2.6434,160.4182,4.66,32730752.64,100000.0,160418.2,985.12,159433.08,33052344.19,2
512,2026-02-26,CZR,2026-02-26 15:38:51,2026-02-26 20:50:00,21.9894,24.2891,10.4583,2.79,33052344.19,100000.0,10458.3,45.48,10412.82,33062757.02,1
513,2026-03-03,BRAI,2026-03-03 14:55:14,2026-03-03 20:50:00,18.0297,28.1694,56.2389,1.8,33062757.02,100000.0,56238.9,55.46,56183.44,33118940.45,1
514,2026-03-03,BRAI,2026-03-03 14:58:17,2026-03-03 20:50:00,18.2508,28.1694,54.3461,1.44,33062757.02,100000.0,54346.1,54.79,54291.31,33173231.76,2
515,2026-03-09,GSIW,2026-03-09 13:46:36,2026-03-09 19:50:00,9.7334,34.9125,258.6867,2.66,33173231.76,100000.0,258686.7,102.74,258583.96,33431815.72,1
516,2026-03-09,GSIW,2026-03-09 14:00:32,2026-03-09 19:50:00,10.7535,34.9125,224.6617,5.14,33173231.76,100000.0,224661.7,92.99,224568.71,33656384.43,2
517,2026-03-09,GSIW,2026-03-09 14:08:34,2026-03-09 19:50:00,10.7535,34.9125,224.6617,12.14,33173231.76,100000.0,224661.7,92.99,224568.71,33880953.13,3
518,2026-03-09,GSIW,2026-03-09 14:55:14,2026-03-09 19:50:00,15.075,34.9125,131.592,2.23,33173231.76,100000.0,131592.0,66.33,131525.67,34012478.8,4
519,2026-03-09,GSIW,2026-03-09 15:09:54,2026-03-09 19:50:00,16.9845,34.9125,105.5551,3.98,33173231.76,100000.0,105555.1,58.88,105496.22,34117975.02,5
520,2026-03-11,AMCI,2026-03-11 15:58:18,2026-03-11 19:50:00,7.236,7.3017,0.908,2.14,34117975.02,100000.0,908.0,138.2,769.8,34118744.82,1
521,2026-03-16,WNW,2026-03-16 15:21:58,2026-03-16 19:50:00,552.6294,214.4625,-61.1923,1.19,34118744.82,100000.0,-61192.3,2.0,-61194.3,34057550.52,1
522,2026-03-16,LNZA,2026-03-16 15:27:49,2026-03-16 19:50:00,12.06,13.3765,10.916,1.64,34118744.82,100000.0,10916.0,82.92,10833.08,34068383.61,2
523,2026-03-23,VRM,2026-03-23 15:04:43,2026-03-23 19:50:00,13.7182,12.8079,-6.6361,4.02,34068383.61,100000.0,-6636.1,72.9,-6709.0,34061674.61,1
524,2026-03-25,UGRO,2026-03-25 14:34:30,2026-03-25 19:50:00,8.8239,36.2092,310.3543,2.73,34061674.61,100000.0,310354.3,113.33,310240.97,34371915.58,1
525,2026-03-25,UGRO,2026-03-25 14:45:12,2026-03-25 19:50:00,9.4929,36.2092,281.4339,1.06,34061674.61,100000.0,281433.9,105.34,281328.56,34653244.14,2
526,2026-03-25,UGRO,2026-03-25 14:57:50,2026-03-25 19:50:00,11.0851,36.2092,226.6465,4.0,34061674.61,100000.0,226646.5,90.21,226556.29,34879800.43,3
527,2026-03-25,UGRO,2026-03-25 15:08:09,2026-03-25 19:50:00,11.2811,36.2092,220.972,1.43,34061674.61,100000.0,220972.0,88.64,220883.36,35100683.78,4
528,2026-03-25,UGRO,2026-03-25 15:28:53,2026-03-25 19:50:00,13.4569,36.2092,169.0747,2.49,34061674.61,100000.0,169074.7,74.31,169000.39,35269684.17,5
529,2026-03-25,UGRO,2026-03-25 15:36:05,2026-03-25 19:50:00,15.0348,36.2092,140.8363,1.77,34061674.61,100000.0,140836.3,66.51,140769.79,35410453.96,6
530,2026-03-25,UGRO,2026-03-25 15:46:45,2026-03-25 19:50:00,15.0951,36.2092,139.8742,2.84,34061674.61,100000.0,139874.2,66.25,139807.95,35550261.91,7
531,2026-03-27,ARTL,2026-03-27 13:58:08,2026-03-27 19:50:00,12.06,10.9326,-9.3483,1.55,35550261.91,100000.0,-9348.3,82.92,-9431.22,35540830.7,1
532,2026-04-01,SST,2026-04-01 14:19:11,2026-04-01 19:50:00,3.226,5.2718,63.4131,1.49,35540830.7,100000.0,63413.1,309.98,63103.12,35603933.81,1
533,2026-04-09,AFJK,2026-04-09 14:55:05,2026-04-09 19:50:00,50.2751,65.7452,30.7709,25.2,35603933.81,100000.0,30770.9,19.89,30751.01,35634684.82,1
534,2026-04-09,BBGI,2026-04-09 15:47:15,2026-04-09 19:50:00,5.9596,10.9726,84.1148,1.48,35603933.81,100000.0,84114.8,167.8,83947.0,35718631.83,2
535,2026-04-13,RMSG,2026-04-13 15:55:24,2026-04-13 19:50:00,1.5376,2.3941,55.6986,2.2,35718631.83,100000.0,55698.6,650.36,55048.24,35773680.06,1
536,2026-04-14,SNAL,2026-04-14 13:57:33,2026-04-14 19:50:00,1.1156,1.9152,71.6821,1.14,35773680.06,100000.0,71682.1,896.38,70785.72,35844465.78,1
537,2026-04-16,ONFO,2026-04-16 14:00:07,2026-04-16 19:50:00,1.417,1.6309,15.0921,2.44,35844465.78,100000.0,15092.1,705.72,14386.38,35858852.17,1
538,2026-05-08,PHOE,2026-05-08 13:53:34,2026-05-08 19:50:00,40.0191,24.7829,-38.0724,3.32,35858852.17,100000.0,-38072.4,24.99,-38097.39,35820754.78,1
539,2026-05-08,NEPH,2026-05-08 14:02:26,2026-05-08 19:50:00,3.7587,3.3815,-10.0347,19.19,35858852.17,100000.0,-10034.7,266.05,-10300.75,35810454.03,2
540,2026-05-08,AEHL,2026-05-08 14:40:15,2026-05-08 19:50:00,1.6683,1.2269,-26.4566,1.37,35858852.17,100000.0,-26456.6,599.41,-27056.01,35783398.02,3
541,2026-05-08,STFS,2026-05-08 15:17:40,2026-05-08 19:50:00,11.5675,10.2743,-11.1804,4.72,35858852.17,100000.0,-11180.4,86.45,-11266.85,35772131.17,4
542,2026-05-08,STFS,2026-05-08 15:24:17,2026-05-08 19:50:00,11.3263,10.2743,-9.289,3.22,35858852.17,100000.0,-9289.0,88.29,-9377.29,35762753.88,5
543,2026-05-08,STFS,2026-05-08 15:30:40,2026-05-08 19:50:00,10.2208,10.2743,0.5225,1.62,35858852.17,100000.0,522.5,97.84,424.66,35763178.54,6
544,2026-05-08,STFS,2026-05-08 15:37:09,2026-05-08 19:50:00,8.844,10.2743,16.172,2.75,35858852.17,100000.0,16172.0,113.07,16058.93,35779237.47,7
545,2026-05-08,AEHL,2026-05-08 15:50:37,2026-05-08 19:50:00,2.01,1.2269,-38.959,2.41,35858852.17,100000.0,-38959.0,497.51,-39456.51,35739780.96,8
546,2026-05-08,ANPA,2026-05-08 15:54:24,2026-05-08 19:50:00,9.447,7.0723,-25.1373,13.5,35858852.17,100000.0,-25137.3,105.85,-25243.15,35714537.8,9
547,2026-05-08,ANPA,2026-05-08 15:55:07,2026-05-08 19:50:00,8.5023,7.0723,-16.8193,13.57,35858852.17,100000.0,-16819.3,117.62,-16936.92,35697600.89,10
548,2026-05-08,ANPA,2026-05-08 16:07:13,2026-05-08 19:50:00,8.04,7.0723,-12.0364,14.87,35858852.17,100000.0,-12036.4,124.38,-12160.78,35685440.11,11
549,2026-05-08,ANPA,2026-05-08 16:16:06,2026-05-08 19:50:00,7.1355,7.0723,-0.8861,7.41,35858852.17,100000.0,-886.1,140.14,-1026.24,35684413.86,12
550,2026-05-08,STFS,2026-05-08 18:07:49,2026-05-08 19:50:00,9.5877,10.2743,7.1607,4.48,35858852.17,100000.0,7160.7,104.3,7056.4,35691470.26,13
